Rebalance_Date,ABIRLANUVO,ACC,ADANIENT,ADANIPORTS,AMBUJACEM,APOLLOHOSP,ASHOKLEY,ASIANPAINT,AXISBANK,BAJAJ-AUTO,BAJAJFINSV,BAJAJHLDNG,BANKBARODA,BANKINDIA,BHARATFORG,BHARTIARTL,BHEL,BOSCHLTD,BPCL,CAIRN,CANBK,CIPLA,COALINDIA,COLPAL,CONCOR,CROMPGREAV,CUMMINSIND,DABUR,DIVISLAB,DLF,DRREDDY,EXIDEIND,FEDERALBNK,GAIL,GLAXO,GLENMARK,GODREJCP,GRASIM,GSKCONS,HCLTECH,HDFC,HDFCBANK,HEROMOTOCO,HINDALCO,HINDPETRO,HINDUNILVR,ICICIBANK,IDBI,IDEA,IDFC,INDHOTEL,INDUSINDBK,INFY,ITC,JINDALSTEL,JPASSOCIAT,JSWSTEEL,KOTAKBANK,LICHSGFIN,LT,LUPIN,M&M,MARUTI,MCDOWELL-N,MPHASIS,NMDC,NTPC,OFSS,ONGC,PETRONET,PFC,PNB,POWERGRID,RANBAXY,RCOM,RECLTD,RELCAPITAL,RELIANCE,RELINFRA,RPOWER,SAIL,SBIN,SESAGOA,SIEMENS,SRTRANSFIN,SUNPHARMA,TATACHEM,TATAGLOBAL,TATAMOTORS,TATAPOWER,TATASTEEL,TCS,TECHM,TITAN,UBL,ULTRACEMCO,UNIONBANK,UNIPHOS,YESBANK,ZEEL,M&MFIN,OIL,WIPRO,SSLT,UPL,INFRATEL,INGVYSYABK,AUROPHARMA,MOTHERSUMI,EICHERMOT,IBULHSGFIN,BRITANNIA,MRF,VEDL,MARICO,SUNDARMFIN,IOC,ABB,BAJFINANCE,BEL,CADILAHC,CASTROLIND,EMAMILTD,HINDZINC,NHPC,PGHH,PIDILITIND,SHREECEM,TATAMTRDVR,TORNTPHARM,INDIGO,PEL,HAVELLS,ICICIPRULI,SUNTV,DMART,ABCAPITAL,GICRE,L&TFH,SBILIFE,BANDHANBNK,BIOCON,HDFCLIFE,ICICIGI,NIACL,HDFCAMC,PAGEIND,BERGEPAINT,NESTLEIND,ADANITRANS,ABBOTINDIA,IGL,NAUKRI,MUTHOOTFIN,SBICARD,ADANIGREEN,ALKEM,LTI,TATACONSUM,INDUSTOWER,JUBLFOOD
31-05-2013,0.25,0.5,0.24,0.3,0.61,0.34,0.14,0.97,1.95,1.08,0.17,0.25,0.54,0.27,0.14,1.59,0.7,0.36,0.43,0.74,0.26,0.83,0.9,0.43,0.24,0.15,0.27,0.38,0.27,0.31,1.17,0.28,0.34,0.61,0.46,0.36,0.47,0.8,0.3,0.87,6.07,5.67,0.73,0.58,0.21,2.68,5.87,0.12,0.46,0.79,0.11,0.96,5.13,8.22,0.48,0.35,0.31,1.31,0.34,3.34,0.77,1.96,0.9,1,0.16,0.41,1.4,0.19,2.56,0.19,0.28,0.5,0.71,0.26,0.31,0.32,0.16,5.83,0.22,0.21,0.2,2.33,0.28,0.23,0.61,1.73,0.23,0.26,2.44,0.63,0.86,3.37,0.29,0.54,0.22,0.84,0.24,0.22,0.57,0.54,0,0,0,0,0,0,0,0,0,0,0,0,0,0,0,0,0,0,0,0,0,0,0,0,0,0,0,0,0,0,0,0,0,0,0,0,0,0,0,0,0,0,0,0,0,0,0,0,0,0,0,0,0,0,0,0,0,0,0,0,0
28-06-2013,0.26,0.52,0.26,0.31,0.65,0.36,0.12,0.95,1.86,1.17,0.17,0.22,0.49,0.23,0.14,1.58,0.62,0.37,0.43,0.78,0.23,0.9,0.87,0.41,0.23,0.15,0.28,0.38,0.29,0.31,1.27,0.25,0.32,0.64,0.44,0.35,0.46,0.8,0.27,0.93,6.17,5.58,0.72,0.58,0.19,2.73,5.6,0.11,0.52,0.72,0.11,0.9,5.46,8.07,0.38,0.3,0.3,1.27,0.35,3.46,0.84,2.02,0.92,0.92,0.12,0.38,1.34,0.26,2.66,0.17,0.23,0.44,0.71,0.22,0.36,0.3,0.17,6.42,0.21,0.21,0.19,2.28,0.25,0.22,0.54,1.73,0.22,0.24,2.27,0.63,0.83,3.51,0.32,0.42,0.22,0.86,0.21,0.19,0.56,0.58,0,0,0,0,0,0,0,0,0,0,0,0,0,0,0,0,0,0,0,0,0,0,0,0,0,0,0,0,0,0,0,0,0,0,0,0,0,0,0,0,0,0,0,0,0,0,0,0,0,0,0,0,0,0,0,0,0,0,0,0,0
31-07-2013,0.29,0.51,0.22,0.27,0.59,0.33,0.08,1.07,1.49,1.21,0.16,0.23,0.49,0.18,0.13,1.91,0.58,0.38,0.39,0.81,0.18,0.94,0.83,0.43,0.22,0.15,0.27,0.41,0.28,0.27,1.34,0.26,0.28,0.63,0.46,0.38,0.46,0.78,0.25,1.15,5.78,5.22,0.81,0.54,0.16,2.01,4.87,0.1,0.63,0.63,0.1,0.76,6.65,8.71,0.36,0.21,0.31,1.18,0.23,3.2,0.96,1.95,0.82,1.04,0.14,0.36,1.25,0.29,2.39,0.16,0.17,0.39,0.67,0.21,0.43,0.24,0.18,6.65,0.21,0.24,0.16,2.05,0.23,0.21,0.49,1.98,0.21,0.3,2.41,0.66,0.67,4.3,0.85,0.51,0.21,0.87,0.16,0.19,0.4,0.62,0,0,0,0,0,0,0,0,0,0,0,0,0,0,0,0,0,0,0,0,0,0,0,0,0,0,0,0,0,0,0,0,0,0,0,0,0,0,0,0,0,0,0,0,0,0,0,0,0,0,0,0,0,0,0,0,0,0,0,0,0
30-08-2013,0.3,0.44,0.19,0.32,0.64,0.32,0.08,0.93,1.26,1.2,0.17,0.24,0.42,0.15,0.16,1.74,0.46,0.36,0.34,0.93,0.14,1.03,0.78,0.39,0.24,0.15,0.26,0.44,0.31,0.28,1.42,0.28,0.21,0.65,0.48,0.35,0.49,0.7,0.23,1.35,5.46,5.36,0.95,0.66,0.14,2.18,4.53,0.1,0.63,0.49,0.11,0.74,7.31,8.28,0.41,0.2,0.31,1.22,0.24,2.88,0.93,1.76,0.8,0.94,0.15,0.46,1.32,0.3,2.15,0.18,0.18,0.31,0.68,0.31,0.4,0.27,0.17,6.85,0.23,0.23,0.19,1.91,0.36,0.19,0.43,1.92,0.21,0.27,2.63,0.59,0.89,5.06,0.99,0.46,0.23,0.73,0.12,0.21,0.32,0.62,0,0,0,0,0,0,0,0,0,0,0,0,0,0,0,0,0,0,0,0,0,0,0,0,0,0,0,0,0,0,0,0,0,0,0,0,0,0,0,0,0,0,0,0,0,0,0,0,0,0,0,0,0,0,0,0,0,0,0,0,0
30-09-2013,0.31,0.47,0.18,0.32,0.63,0.32,0,0.94,1.42,1.21,0.16,0.22,0.42,0.15,0.15,1.72,0.49,0.37,0.39,0.86,0.14,1,0.84,0.38,0.23,0.14,0.25,0.42,0.28,0.26,1.37,0.27,0.22,0.67,0.47,0.34,0.47,0.76,0.23,1.31,5.41,4.98,0.87,0.65,0.14,2.02,4.63,0.1,0.62,0.49,0,0.71,6.6,8.5,0.41,0.19,0.39,1.17,0.26,2.91,0.93,1.73,0.82,1,0.15,0.43,1.38,0.29,2.15,0.16,0.21,0.31,0.63,0.23,0.44,0.28,0.16,6.14,0,0.22,0.19,1.89,1.01,0.19,0.44,2.03,0.19,0.26,2.71,0.59,0.82,4.46,0.9,0.44,0.26,0.83,0.13,0.21,0.35,0.57,0.32,0.27,1.4,0,0,0,0,0,0,0,0,0,0,0,0,0,0,0,0,0,0,0,0,0,0,0,0,0,0,0,0,0,0,0,0,0,0,0,0,0,0,0,0,0,0,0,0,0,0,0,0,0,0,0,0,0,0,0,0,0,0
31-10-2013,0.28,0.44,0.24,0.31,0.6,0.29,0,1.01,1.57,1.18,0.16,0.21,0.5,0.19,0.17,1.81,0.46,0.33,0.38,0.77,0.15,0.87,0.75,0.34,0.23,0.16,0.22,0.4,0.26,0.28,1.29,0.24,0.29,0.66,0.42,0.33,0.45,0.74,0.22,1.21,5.51,5.21,0.82,0.61,0.14,1.79,5.36,0.11,0.58,0.54,0,0.78,6.61,7.63,0.38,0.24,0.42,1.18,0.28,3.28,0.88,1.69,0.9,0.93,0.13,0.46,1.27,0.28,2.15,0.15,0.19,0.34,0.59,0.25,0.4,0.26,0.17,6.22,0,0.21,0.21,1.92,0,0.21,0.43,1.9,0.19,0.27,2.84,0.55,0.92,4.46,0.95,0.46,0.26,0.83,0.13,0,0.41,0.6,0.32,0.27,1.29,1.03,0.21,0,0,0,0,0,0,0,0,0,0,0,0,0,0,0,0,0,0,0,0,0,0,0,0,0,0,0,0,0,0,0,0,0,0,0,0,0,0,0,0,0,0,0,0,0,0,0,0,0,0,0,0,0,0,0,0
29-11-2013,0.28,0.43,0.3,0.34,0.59,0.27,0,0.96,1.5,1.11,0.18,0.22,0.51,0.19,0.16,1.63,0.52,0.33,0.37,0.8,0.15,0.83,0.72,0.35,0.22,0.19,0.25,0.38,0.31,0.28,1.32,0.22,0.28,0.64,0.44,0.3,0.46,0.71,0.22,1.21,5.38,5.13,1.03,0.66,0.15,1.77,5.17,0.1,0.59,0.55,0,0.75,6.79,7.41,0.41,0.28,0.45,1.21,0.26,3.57,0.86,1.83,0.93,0.88,0.12,0.44,1.27,0.27,2.22,0.17,0.23,0.34,0.56,0.27,0.39,0.31,0.18,5.88,0,0.21,0.24,1.97,0,0.23,0.42,1.81,0.2,0.25,3.01,0.53,1.12,4.29,1.05,0.4,0.22,0.81,0.13,0,0.41,0.59,0.34,0.28,1.29,0.95,0.22,0,0,0,0,0,0,0,0,0,0,0,0,0,0,0,0,0,0,0,0,0,0,0,0,0,0,0,0,0,0,0,0,0,0,0,0,0,0,0,0,0,0,0,0,0,0,0,0,0,0,0,0,0,0,0,0
31-12-2013,0.27,0.42,0.29,0.33,0.57,0.29,0,0.91,1.64,1.05,0.18,0.22,0.49,0.21,0.17,1.6,0.57,0.37,0.37,0.78,0.16,0.83,0.75,0.37,0.21,0.19,0.27,0.38,0.32,0.3,1.31,0.23,0.29,0.63,0.51,0.31,0.44,0.7,0.21,1.37,5.05,5.03,1.02,0.64,0.16,1.65,5.17,0.1,0.55,0.56,0,0.73,6.87,7.24,0.41,0.27,0.49,1.13,0.27,3.56,0.88,1.77,0.95,0.86,0.13,0.46,1.15,0.28,2.09,0.15,0.24,0.38,0.9,0.29,0.35,0.3,0.17,6,0,0.21,0.24,1.86,0,0.24,0.46,1.74,0.2,0.26,2.76,0.6,1.15,4.52,1.11,0.39,0.21,0.73,0.13,0,0.41,0.62,0.36,0.27,1.49,1.02,0.25,0,0,0,0,0,0,0,0,0,0,0,0,0,0,0,0,0,0,0,0,0,0,0,0,0,0,0,0,0,0,0,0,0,0,0,0,0,0,0,0,0,0,0,0,0,0,0,0,0,0,0,0,0,0,0,0
31-01-2014,0.25,0.4,0.28,0.32,0.52,0.3,0,0.91,1.48,1.09,0.17,0.24,0.44,0.17,0.18,1.59,0.58,0.35,0.4,0.82,0.14,0.89,0.66,0.37,0.22,0.18,0.25,0.4,0.36,0.26,1.41,0.2,0.29,0.68,0.53,0.33,0.4,0.69,0.21,1.66,5.36,4.95,1,0.6,0.17,1.72,4.85,0.09,0.49,0.5,0,0.69,7.6,7.63,0.4,0.21,0.46,1.06,0.25,3.41,0.89,1.74,0.92,0.85,0.12,0.49,1.11,0.29,2.07,0.14,0.2,0.36,0.89,0.21,0.35,0.25,0.16,5.81,0,0.19,0.23,1.67,0,0.21,0.45,1.88,0.2,0.24,2.67,0.5,1.01,4.86,1.13,0.39,0.24,0.74,0.12,0,0.35,0.62,0.28,0.27,1.6,0.99,0.25,0,0,0,0,0,0,0,0,0,0,0,0,0,0,0,0,0,0,0,0,0,0,0,0,0,0,0,0,0,0,0,0,0,0,0,0,0,0,0,0,0,0,0,0,0,0,0,0,0,0,0,0,0,0,0,0
28-02-2014,0.24,0.43,0.29,0.36,0.53,0.29,0,0.88,1.62,1.08,0.18,0.24,0.43,0.15,0.2,1.41,0.55,0.35,0.4,0.79,0.13,0.8,0.64,0.36,0.23,0.19,0.28,0.39,0.37,0.26,1.51,0.21,0.27,0.69,0.52,0.33,0.4,0.67,0.21,1.74,5.27,5.11,0.97,0.56,0.18,1.6,4.97,0.09,0.43,0.49,0,0.7,7.61,7.46,0.37,0.21,0.42,1.07,0.26,3.72,0.98,1.85,0.87,0.78,0.12,0.42,0.95,0.27,2.12,0.15,0.24,0.34,0.86,0.23,0.31,0.26,0.14,5.42,0,0.18,0.19,1.95,0,0.23,0.41,2,0.19,0.23,3.09,0.52,0.94,4.8,1.14,0.42,0.22,0.77,0.11,0,0.34,0.61,0.28,0.26,1.61,0.9,0.24,0,0,0,0,0,0,0,0,0,0,0,0,0,0,0,0,0,0,0,0,0,0,0,0,0,0,0,0,0,0,0,0,0,0,0,0,0,0,0,0,0,0,0,0,0,0,0,0,0,0,0,0,0,0,0,0
31-03-2014,0.23,0.5,0.39,0.37,0.59,0.27,0,0.95,1.74,1.07,0.18,0.24,0.53,0.19,0.2,1.45,0.59,0.38,0.46,0.75,0.14,0.74,0.7,0.35,0.27,0.22,0.31,0.38,0.33,0.3,1.24,0.21,0.31,0.65,0.41,0.3,0.41,0.7,0.19,1.42,5.28,5.31,1.05,0.7,0.2,1.64,5.5,0,0.43,0.59,0,0.82,6.07,7.47,0.41,0,0.46,1.14,0.27,3.97,0.85,1.73,1,0.8,0.11,0.42,0.95,0.25,2.16,0.16,0.26,0.42,0.89,0.22,0.33,0.29,0.15,5.86,0,0.19,0.23,2.27,0,0.26,0.49,1.66,0.19,0.23,2.74,0.6,1.01,4.18,1.02,0.42,0.21,0.85,0.13,0,0.43,0.57,0.26,0.25,1.36,0.89,0.22,0.27,0.26,0,0,0,0,0,0,0,0,0,0,0,0,0,0,0,0,0,0,0,0,0,0,0,0,0,0,0,0,0,0,0,0,0,0,0,0,0,0,0,0,0,0,0,0,0,0,0,0,0,0,0,0,0,0
30-04-2014,0.23,0.46,0.44,0.37,0.58,0.26,0,0.88,1.8,0.98,0.19,0.25,0.6,0.19,0.19,1.49,0.55,0.37,0.45,0.76,0.16,0.77,0.71,0.37,0.26,0.23,0.28,0.38,0.34,0.24,1.31,0.21,0.3,0.64,0.39,0.32,0.38,0.64,0.19,1.44,5.36,5.12,1.01,0.66,0.2,1.54,5.5,0,0.42,0.54,0,0.78,5.88,7.22,0.36,0,0.48,1.17,0.3,4.04,0.9,1.89,0.97,0.84,0.12,0.46,0.92,0.24,2.2,0.17,0.24,0.45,0.89,0.28,0.31,0.3,0.15,5.89,0,0.18,0.21,2.46,0,0.24,0.47,1.82,0.19,0.23,2.85,0.55,1.02,4.28,1.04,0.41,0.2,0.79,0.15,0,0.45,0.55,0.26,0.25,1.31,0.88,0.31,0.28,0.23,0,0,0,0,0,0,0,0,0,0,0,0,0,0,0,0,0,0,0,0,0,0,0,0,0,0,0,0,0,0,0,0,0,0,0,0,0,0,0,0,0,0,0,0,0,0,0,0,0,0,0,0,0,0
30-05-2014,0.25,0.44,0.46,0.41,0.59,0.24,0,0.81,2.14,0.92,0.18,0.25,0.56,0.23,0.22,1.43,0.77,0.39,0.47,0.71,0.21,0.69,0.85,0.32,0.29,0.23,0.3,0.36,0.28,0.33,1.09,0.23,0.35,0.62,0.18,0.27,0.34,0.71,0.18,1.33,4.81,5.17,0.99,0.67,0.23,1.5,5.75,0,0.39,0.56,0,0.82,4.98,6.65,0.38,0,0.48,1.16,0.34,4.43,0.78,2,1.06,0.76,0.11,0.47,1.16,0.21,2.38,0.16,0.37,0.49,0.94,0.24,0.32,0.38,0.21,6.15,0,0.23,0.25,2.76,0,0.27,0.56,1.61,0.19,0.21,2.62,0.66,1.11,3.85,1,0.45,0.18,0.86,0.18,0,0.54,0.51,0.29,0.28,1.16,1.22,0.32,0.28,0.24,0,0,0,0,0,0,0,0,0,0,0,0,0,0,0,0,0,0,0,0,0,0,0,0,0,0,0,0,0,0,0,0,0,0,0,0,0,0,0,0,0,0,0,0,0,0,0,0,0,0,0,0,0,0
30-06-2014,0.25,0.46,0.42,0.42,0.56,0.25,0,0.89,2.12,1.03,0.19,0.26,0.55,0.21,0.26,1.33,0.75,0.41,0.52,0.72,0.22,0.74,0.84,0.33,0.29,0.24,0.29,0.34,0.31,0.32,1.11,0.22,0.38,0.72,0.18,0.27,0.34,0.73,0.17,1.34,5.15,5.08,1.05,0.7,0.23,1.46,5.45,0,0.45,0.56,0,0.83,5.22,5.99,0.39,0,0.46,1.12,0.33,4.61,0.83,1.75,1.07,0.61,0.1,0.48,1.07,0.22,2.53,0.18,0.37,0.49,1.02,0.27,0.32,0.41,0.25,5.55,0,0.25,0.26,2.76,0,0.28,0.5,1.72,0.2,0.23,2.58,0.65,1.17,4.12,1.06,0.49,0.15,0.88,0.2,0,0.58,0.53,0.26,0.28,1.19,1.2,0.34,0.29,0.23,0,0,0,0,0,0,0,0,0,0,0,0,0,0,0,0,0,0,0,0,0,0,0,0,0,0,0,0,0,0,0,0,0,0,0,0,0,0,0,0,0,0,0,0,0,0,0,0,0,0,0,0,0,0
31-07-2014,0.26,0.43,0.39,0.44,0.52,0.25,0,0.93,2.14,0.91,0.19,0.26,0.54,0.19,0.29,1.45,0.68,0.4,0.49,0.61,0.19,0.76,0.79,0.34,0.32,0.23,0.28,0.37,0.31,0.29,1.17,0.25,0.34,0.67,0.17,0.3,0.34,0.67,0.19,1.37,5.5,5.1,1.02,0.81,0.22,1.6,5.59,0,0.53,0.63,0,0.8,5.34,6.48,0.33,0,0.44,1.2,0.29,4.03,0.93,1.82,1.1,0.6,0.11,0.44,0.98,0.23,2.33,0.18,0.32,0.47,0.96,0.29,0.44,0.34,0.22,5.44,0,0.21,0.24,2.48,0,0.26,0.5,1.96,0.2,0.2,2.64,0.58,1.21,4.33,1.05,0.47,0.15,0.81,0.16,0,0.57,0.52,0.21,0.26,1.17,1.18,0.32,0.29,0.22,0,0,0,0,0,0,0,0,0,0,0,0,0,0,0,0,0,0,0,0,0,0,0,0,0,0,0,0,0,0,0,0,0,0,0,0,0,0,0,0,0,0,0,0,0,0,0,0,0,0,0,0,0,0
28-08-2014,0.25,0.44,0.42,0.47,0.5,0.28,0,0.9,2.11,0.96,0.2,0.26,0.52,0.19,0.31,1.63,0.69,0.43,0.57,0.59,0.17,0.83,0.74,0.33,0.31,0.22,0.3,0.41,0.32,0.25,1.19,0.24,0.33,0.66,0.17,0.32,0.39,0.69,0.2,1.39,5.36,5.01,0.99,0.7,0.24,1.67,5.73,0,0.54,0.58,0,0.8,5.53,6.27,0.27,0,0.44,1.41,0.29,3.96,0.98,2.06,1.17,0.39,0.12,0.43,0.9,0.24,2.48,0.18,0.29,0.45,0.91,0.32,0.37,0.29,0.19,5.23,0,0.17,0.21,2.42,0,0.23,0.48,2.05,0.21,0.19,3,0.5,1.09,4.1,1.13,0.48,0.15,0.83,0.17,0,0.59,0.48,0.24,0.28,1.18,1.04,0.3,0.29,0.22,0,0,0,0,0,0,0,0,0,0,0,0,0,0,0,0,0,0,0,0,0,0,0,0,0,0,0,0,0,0,0,0,0,0,0,0,0,0,0,0,0,0,0,0,0,0,0,0,0,0,0,0,0,0
30-09-2014,0.28,0.41,0.41,0.45,0.52,0.27,0,0.9,2,1,0.21,0.27,0.54,0.16,0.32,1.77,0.57,0.43,0.54,0.56,0.16,1.01,0.71,0.37,0.32,0.23,0.29,0.39,0.36,0.21,1.3,0.25,0.34,0.66,0.19,0.32,0.39,0.71,0.21,1.46,5.24,5.16,1.08,0.64,0.25,1.67,5.25,0,0.55,0.55,0,0.85,5.72,6.5,0.2,0,0.41,1.37,0.31,3.77,1.06,1.98,1.28,0,0,0.41,0.91,0.23,2.32,0.18,0.27,0.42,0.94,0.31,0.31,0.27,0.16,4.92,0,0.16,0.18,2.39,0,0.23,0.49,2.04,0.22,0.2,2.86,0.48,0.97,4.43,1.18,0.54,0.15,0.85,0.15,0,0.57,0.54,0.24,0.27,1.24,1.01,0.32,0.32,0.2,0.41,0.38,0,0,0,0,0,0,0,0,0,0,0,0,0,0,0,0,0,0,0,0,0,0,0,0,0,0,0,0,0,0,0,0,0,0,0,0,0,0,0,0,0,0,0,0,0,0,0,0,0,0,0,0
31-10-2014,0.28,0.42,0.4,0.45,0.53,0.26,0,0.9,2.22,1.06,0.19,0.26,0.53,0.18,0.31,1.67,0.7,0.41,0.57,0.49,0.17,1.02,0.73,0.34,0.3,0.21,0.3,0.38,0.36,0.17,1.22,0.22,0.37,0.74,0.17,0.3,0.37,0.68,0.19,1.31,5.25,5.16,1.11,0.64,0.27,1.58,5.7,0,0.52,0.62,0,0.94,5.92,5.97,0.18,0,0.43,1.45,0.33,4.09,0.99,1.84,1.34,0,0,0.41,0.94,0.22,2.2,0.18,0.31,0.42,0.97,0.3,0.32,0.31,0.16,4.99,0,0.16,0.21,2.53,0,0.24,0.48,1.93,0.22,0.19,2.92,0.51,0.99,4.04,1.15,0.5,0.14,0.79,0.17,0,0.67,0.57,0.24,0.27,1.12,0.91,0.32,0.31,0.21,0.39,0.39,0,0,0,0,0,0,0,0,0,0,0,0,0,0,0,0,0,0,0,0,0,0,0,0,0,0,0,0,0,0,0,0,0,0,0,0,0,0,0,0,0,0,0,0,0,0,0,0,0,0,0,0
28-11-2014,0.28,0.4,0.37,0.44,0.52,0.26,0,0.99,2.36,1.04,0.2,0.26,0.6,0.18,0.35,1.55,0.75,0.5,0.56,0.43,0.17,0.94,0.68,0.36,0.29,0.2,0.34,0.39,0.32,0.19,1.34,0.22,0.38,0.66,0.18,0.34,0.35,0.66,0.19,1.31,5.33,5.24,1.1,0.65,0.29,1.63,5.94,0,0.52,0.62,0,0.95,6.16,5.91,0.15,0,0.39,1.51,0.37,3.91,1.04,1.78,1.29,0,0,0.32,0.86,0.21,1.99,0.17,0.33,0.47,0.92,0,0.3,0.33,0.17,4.78,0.24,0.14,0.22,2.91,0,0.24,0.53,1.85,0.22,0.19,2.8,0.49,0.92,3.95,1.16,0.45,0.15,0.74,0.16,0,0.67,0.61,0.25,0.24,1.12,0.75,0.3,0.38,0.26,0.43,0.38,0,0,0,0,0,0,0,0,0,0,0,0,0,0,0,0,0,0,0,0,0,0,0,0,0,0,0,0,0,0,0,0,0,0,0,0,0,0,0,0,0,0,0,0,0,0,0,0,0,0,0,0
31-12-2014,0.28,0.39,0.4,0.5,0.53,0.26,0,1.03,2.54,0.98,0.24,0.26,0.61,0.19,0.35,1.47,0.72,0.53,0.5,0.41,0.19,0.96,0.76,0.36,0.3,0.2,0.36,0.39,0.33,0.18,1.24,0.25,0.39,0.62,0.2,0.33,0.37,0.65,0.2,1.3,5.37,5.36,1.12,0.61,0.27,1.62,6.15,0,0.52,0.63,0,1.04,5.73,6.18,0.17,0,0.35,1.63,0.4,3.68,1.03,1.71,1.33,0,0,0.35,0.9,0.22,1.84,0.19,0.33,0.49,0.92,0,0.24,0.34,0.17,4.42,0.21,0.13,0.26,2.9,0,0.24,0.56,1.87,0.23,0.18,2.68,0.45,0.8,3.94,1.18,0.48,0.17,0.82,0.18,0,0.75,0.63,0.27,0.24,1.1,0.72,0.31,0.44,0.29,0.46,0.42,0,0,0,0,0,0,0,0,0,0,0,0,0,0,0,0,0,0,0,0,0,0,0,0,0,0,0,0,0,0,0,0,0,0,0,0,0,0,0,0,0,0,0,0,0,0,0,0,0,0,0,0
30-01-2015,0.28,0.41,0.49,0.5,0.54,0.28,0,1.1,2.8,0.91,0.25,0.24,0.51,0.16,0.36,1.47,0.75,0.61,0.55,0.38,0.18,1,0.67,0.35,0.3,0.19,0.34,0.41,0.31,0.22,1.16,0.24,0.34,0.56,0.2,0.29,0.38,0.7,0.18,1.37,5.63,5.73,0.98,0.51,0.31,1.87,5.93,0,0.49,0.65,0,1.07,5.87,5.83,0.16,0,0.31,1.61,0.41,3.94,1.08,1.65,1.37,0,0,0.32,0.84,0.21,1.79,0.15,0.3,0.4,0.92,0,0.23,0.32,0.16,4.28,0.2,0.13,0.23,2.71,0,0.26,0.54,1.96,0.23,0.18,2.98,0.46,0.74,3.6,1.25,0.51,0.18,0.91,0.15,0,0.79,0.58,0.2,0.21,1.13,0.64,0.31,0.44,0.29,0.47,0.39,0,0,0,0,0,0,0,0,0,0,0,0,0,0,0,0,0,0,0,0,0,0,0,0,0,0,0,0,0,0,0,0,0,0,0,0,0,0,0,0,0,0,0,0,0,0,0,0,0,0,0,0
28-02-2015,0.26,0.44,0.51,0.48,0.58,0.28,0,1.03,2.89,0.8,0.23,0.24,0.48,0.14,0.43,1.37,0.66,0.65,0.54,0.4,0.17,0.96,1.41,0.36,0.32,0.2,0.34,0.41,0.3,0.19,1.18,0.23,0.34,0.53,0.18,0.31,0.39,0.66,0.19,1.52,5.83,5.58,0.89,0.55,0.29,1.79,5.57,0,0.48,0.64,0,1.1,6.37,5.61,0.19,0,0.31,1.67,0.4,4.01,1.16,1.66,1.33,0,0,0.31,0.89,0.2,1.62,0.15,0.29,0.34,0.96,0,0.2,0.31,0.14,3.96,0.18,0.12,0.2,2.59,0,0.33,0.57,1.9,0.22,0.17,2.96,0.44,0.66,3.8,1.21,0.49,0.18,0.89,0.12,0,0.78,0.53,0.19,0.19,1.2,0.67,0.35,0.44,0,0.4,0.38,0.45,0,0,0,0,0,0,0,0,0,0,0,0,0,0,0,0,0,0,0,0,0,0,0,0,0,0,0,0,0,0,0,0,0,0,0,0,0,0,0,0,0,0,0,0,0,0,0,0,0,0,0
31-03-2015,0.26,0.42,0.46,0.46,0.56,0.3,0,1.06,2.73,0.78,0.24,0.23,0.44,0.12,0.45,1.56,0.61,0.66,0.6,0.35,0.15,1.04,1.34,0.39,0.34,0.2,0.34,0.43,0.33,0,1.27,0.23,0.33,0.52,0.21,0.32,0.37,0.66,0.21,1.53,5.95,5.71,0.91,0.48,0.31,1.78,5.26,0,0.59,0.64,0,1.1,6.36,5.23,0,0,0.29,1.62,0.38,4.04,1.38,1.57,1.41,0.53,0,0.29,0.87,0.2,1.58,0.15,0.28,0.31,0.92,0,0.18,0.32,0.14,3.91,0.17,0.11,0.2,2.37,0,0.36,0.54,2.22,0.22,0.17,2.84,0.4,0.61,3.75,1.1,0.47,0.19,0.85,0.11,0,0.76,0.54,0.2,0.18,1.19,0.6,0.38,0.48,0,0.47,0.45,0.45,0.41,0,0,0,0,0,0,0,0,0,0,0,0,0,0,0,0,0,0,0,0,0,0,0,0,0,0,0,0,0,0,0,0,0,0,0,0,0,0,0,0,0,0,0,0,0,0,0,0,0,0
30-04-2015,0.25,0.4,0.52,0.48,0.53,0.26,0,1.02,2.84,0.77,0.25,0.23,0.47,0.14,0.46,1.55,0.63,0.6,0.58,0.36,0.16,0.95,1.37,0.39,0.36,0.2,0.34,0.42,0.32,0,1.24,0.23,0.33,0.49,0.2,0.37,0.39,0.67,0.21,1.41,5.43,5.66,0.82,0.49,0.3,1.78,5.66,0,0.58,0.66,0,1.05,5.71,5.31,0,0,0.3,2.01,0.38,3.93,1.25,1.56,1.45,0.5,0,0.3,0.91,0.21,1.61,0.15,0.28,0.35,0.92,0,0.19,0.36,0.14,4.19,0.17,0.12,0.21,2.46,0,0.36,0.48,2.42,0.22,0.17,2.84,0.4,0.71,3.71,1.11,0.47,0.18,0.81,0.11,0,0.8,0.5,0.22,0.19,1.04,0.68,0.43,0.51,0,0.51,0.45,0.44,0.45,0,0,0,0,0,0,0,0,0,0,0,0,0,0,0,0,0,0,0,0,0,0,0,0,0,0,0,0,0,0,0,0,0,0,0,0,0,0,0,0,0,0,0,0,0,0,0,0,0,0
29-05-2015,0.28,0.4,0,0.48,0.52,0.26,0,1.01,2.84,0.9,0.26,0.23,0.43,0.12,0.43,1.67,0.65,0.61,0.62,0.31,0.14,0.94,1.43,0.38,0.39,0.2,0.35,0.43,0.33,0,1.27,0.2,0.35,0.51,0.19,0.35,0.37,0.66,0.2,1.59,5.53,5.86,1,0.47,0.32,1.73,5.23,0,0.55,0,0,1.08,5.74,5.21,0,0,0.28,2.03,0.36,3.85,1.25,1.65,1.42,0.52,0,0.29,0.8,0.22,1.68,0.15,0.28,0.32,0.9,0,0.19,0.33,0.13,4.11,0.16,0.11,0.19,2.48,0,0.35,0.39,2.99,0.22,0.17,2.59,0.38,0.62,3.79,0.96,0.45,0.18,0.87,0.12,0,0.82,0.5,0.21,0.19,1.05,0,0.47,0.7,0,0.52,0.42,0.6,0.43,0.43,0.25,0.61,0,0,0,0,0,0,0,0,0,0,0,0,0,0,0,0,0,0,0,0,0,0,0,0,0,0,0,0,0,0,0,0,0,0,0,0,0,0,0,0,0,0,0,0,0,0,0
30-06-2015,0.28,0.39,0,0.46,0.51,0.29,0,0.98,2.73,0.99,0.27,0.25,0.39,0.1,0.38,1.66,0.64,0.57,0.65,0.29,0.11,0.89,1.55,0.39,0.36,0.19,0.35,0.45,0.34,0,1.29,0.19,0.36,0.52,0.2,0.41,0.44,0.63,0.21,1.46,5.84,6,0.94,0.41,0.35,1.86,5.11,0,0.56,0,0,1.08,5.62,5.05,0,0,0.27,2.02,0.39,4.17,1.29,1.69,1.52,0.49,0,0.27,0.81,0.23,1.59,0.16,0.26,0.3,0.88,0,0.18,0.31,0.12,4.71,0.15,0.09,0.18,2.35,0,0.34,0.41,2.73,0.21,0.15,2.35,0.38,0.58,3.73,0.83,0.44,0.18,0.88,0.11,0,0.79,0.58,0.22,0.18,1.03,0,0.46,0.66,0,0.56,0.45,0.63,0.46,0.47,0.24,0.55,0,0,0,0,0,0,0,0,0,0,0,0,0,0,0,0,0,0,0,0,0,0,0,0,0,0,0,0,0,0,0,0,0,0,0,0,0,0,0,0,0,0,0,0,0,0,0
31-07-2015,0.33,0.36,0,0.47,0.5,0.29,0,1.11,2.74,0.96,0.31,0.25,0.46,0.1,0.4,1.62,0.7,0.62,0.67,0.27,0.11,1,1.57,0.37,0.34,0.21,0.38,0.46,0.35,0,1.44,0.19,0.32,0.46,0.21,0.41,0.48,0.66,0.2,1.54,5.89,6.1,0.98,0.38,0.43,1.82,4.89,0,0.54,0,0,1.33,5.99,5.09,0,0,0.25,1.98,0.42,4.09,1.14,1.76,1.6,0.52,0,0.23,0.78,0.24,1.36,0.16,0.25,0.31,0.87,0,0.2,0.29,0.12,4.6,0.16,0.08,0.16,2.36,0,0.36,0.42,2.5,0.24,0.16,2.03,0.35,0.46,3.58,0.9,0.38,0.2,0.9,0.12,0,0.75,0.61,0.2,0.17,1.04,0,0.45,0.64,0,0.57,0.44,0.6,0.53,0.52,0.28,0.4,0,0,0,0,0,0,0,0,0,0,0,0,0,0,0,0,0,0,0,0,0,0,0,0,0,0,0,0,0,0,0,0,0,0,0,0,0,0,0,0,0,0,0,0,0,0,0
31-08-2015,0.33,0.37,0,0.95,0.47,0.3,0,1.14,2.53,0.9,0.32,0.28,0.51,0.09,0.43,1.45,0.61,0.62,0.68,0.25,0.12,1.03,1.39,0.39,0.31,0.21,0.44,0.45,0.45,0,1.62,0.21,0.31,0.41,0.21,0.48,0.49,0.65,0.21,1.59,5.54,5.99,0.87,0.3,0.41,1.81,4.78,0,0.52,0,0,1.24,6.47,5.39,0,0,0.29,1.98,0.4,3.88,1.38,1.67,1.63,0.5,0,0.24,0.74,0.26,1.27,0.16,0.28,0.32,0.85,0,0.18,0.29,0.1,4.18,0.14,0.08,0.15,2.26,0,0.33,0.35,2.9,0.21,0.15,1.91,0.32,0.44,3.89,0.93,0.42,0.17,0.88,0.13,0,0.67,0.62,0.2,0.19,1.09,0,0.45,0.63,0,0.6,0.41,0.69,0.55,0.51,0.29,0.32,0,0,0,0,0,0,0,0,0,0,0,0,0,0,0,0,0,0,0,0,0,0,0,0,0,0,0,0,0,0,0,0,0,0,0,0,0,0,0,0,0,0,0,0,0,0,0
30-09-2015,0.34,0.37,0,0.8,0.47,0.33,0.39,1.13,2.47,0.93,0.31,0.28,0.51,0.09,0.33,1.38,0.55,0.52,0.65,0.26,0.12,0.95,1.25,0.38,0.33,0,0.44,0.46,0.42,0,1.56,0.21,0.32,0.42,0.21,0.43,0.45,0.66,0.21,1.61,5.65,6.23,0.86,0.27,0.38,1.71,4.64,0,0.5,0,0,1.38,6.86,5.45,0,0,0.28,1.96,0.42,3.55,1.45,1.73,1.83,0.46,0,0.22,0.76,0.25,1.22,0.16,0.29,0.29,0.86,0,0.2,0.32,0.13,4.21,0.14,0,0.16,2.17,0,0.35,0.4,2.8,0.2,0.16,1.67,0.35,0.42,3.92,1,0.39,0.17,0.81,0,0,0.7,0.63,0.19,0.18,1.14,0,0.41,0.56,0,0.61,0.31,0.64,0.72,0.54,0.3,0.28,0.31,0.31,0,0,0,0,0,0,0,0,0,0,0,0,0,0,0,0,0,0,0,0,0,0,0,0,0,0,0,0,0,0,0,0,0,0,0,0,0,0,0,0,0,0,0,0,0
30-10-2015,0,0.38,0,0.78,0.46,0.29,0.39,1.09,2.33,1.01,0.35,0.29,0.44,0.08,0.31,1.4,0.52,0.54,0.66,0.25,0.12,1.02,1.2,0.37,0.29,0,0.42,0.44,0.43,0,1.58,0.2,0.27,0.42,0.2,0.4,0.46,0.69,0.2,1.41,5.77,6.32,0.92,0.31,0.37,1.65,4.68,0,0.46,0,0,1.31,6.6,5.47,0,0,0.29,2.05,0.42,3.36,1.35,1.59,1.71,0.46,0,0.23,0.8,0.24,1.29,0.17,0.3,0.28,0.83,0,0.22,0.28,0.14,4.55,0.16,0,0.16,2.13,0,0.34,0.4,2.82,0.21,0.16,2.12,0.36,0.48,3.72,0.96,0.42,0.18,0.86,0,0,0.72,0.65,0.18,0.17,1.07,0,0.4,0.61,0,0.65,0.33,0.63,0.64,0.56,0.28,0.32,0.29,0.29,0.57,0,0,0,0,0,0,0,0,0,0,0,0,0,0,0,0,0,0,0,0,0,0,0,0,0,0,0,0,0,0,0,0,0,0,0,0,0,0,0,0,0,0,0,0
30-11-2015,0,0.37,0,0.72,0.45,0.3,0.39,1.12,2.32,1,0.34,0.3,0.5,0.08,0.31,1.36,0.47,0.5,0.69,0.23,0.11,0.96,1.25,0.38,0.31,0,0.4,0.45,0.43,0,1.17,0.2,0.3,0.5,0.21,0.41,0.45,0.7,0.2,1.43,5.64,6.29,0.97,0.29,0.41,1.69,4.71,0,0.47,0,0,1.34,6.41,5.68,0,0,0.28,2.1,0.43,3.32,1.27,1.86,1.8,0.47,0,0.22,0.8,0.24,1.24,0.21,0.27,0.32,0.89,0,0.22,0.27,0.15,4.71,0.18,0,0.14,2.28,0,0.33,0.37,2.35,0.22,0.17,2.42,0.36,0.45,3.6,0.96,0.47,0.19,0.85,0,0,0.74,0.66,0.19,0.16,1.09,0,0.37,0.61,0,0.64,0.39,0.6,0.62,0.51,0.28,0.29,0.32,0.29,0.61,0,0,0,0,0,0,0,0,0,0,0,0,0,0,0,0,0,0,0,0,0,0,0,0,0,0,0,0,0,0,0,0,0,0,0,0,0,0,0,0,0,0,0,0
31-12-2015,0,0.37,0,0.69,0.46,0.33,0.36,1.18,2.21,1.01,0.35,0.29,0.43,0.07,0.33,1.38,0.45,0.5,0.68,0.23,0.1,0.97,1.25,0.38,0.29,0,0.41,0.46,0.43,0,1.16,0.2,0.28,0.51,0.21,0.38,0.48,0.7,0.22,1.4,5.86,6.29,0.97,0.32,0.41,1.8,4.46,0,0.47,0,0,1.39,6.49,5.41,0,0,0.32,2.18,0.45,3.07,1.3,1.73,1.8,0.45,0,0.21,0.89,0.24,1.27,0.23,0.25,0.25,0.91,0,0.26,0.26,0.15,4.92,0.22,0,0.15,2.04,0,0.31,0.37,2.63,0.21,0.18,2.22,0.36,0.51,3.69,0.94,0.43,0.19,0.84,0,0,0.7,0.7,0.19,0.16,1.06,0,0.39,0.68,0,0.69,0.39,0.61,0.66,0.52,0.29,0.29,0.35,0.28,0.62,0,0,0,0,0,0,0,0,0,0,0,0,0,0,0,0,0,0,0,0,0,0,0,0,0,0,0,0,0,0,0,0,0,0,0,0,0,0,0,0,0,0,0,0
29-01-2016,0,0.36,0,0.6,0.47,0.35,0.39,1.22,2.12,0.99,0.35,0.27,0.37,0.07,0.32,1.24,0.39,0.49,0.72,0.22,0.09,0.92,1.28,0.35,0.27,0,0.39,0.44,0.45,0,1.23,0.17,0.25,0.53,0.21,0.34,0.48,0.67,0.21,1.49,5.78,6.45,0.97,0.28,0.42,1.8,4.15,0,0.36,0,0,1.41,7.22,5.59,0,0,0.35,2.19,0.44,2.8,1.28,1.77,1.68,0.39,0,0.2,0.91,0.25,1.26,0.23,0.23,0.21,1.01,0,0.19,0.23,0.13,5.31,0.2,0,0.14,1.73,0,0.28,0.38,2.95,0.19,0.16,2.02,0.34,0.52,3.82,0.95,0.47,0.16,0.9,0,0,0.76,0.71,0.18,0.15,1.12,0,0.41,0.6,0,0.7,0.38,0.63,0.67,0.49,0.27,0.25,0.36,0.29,0.61,0,0,0,0,0,0,0,0,0,0,0,0,0,0,0,0,0,0,0,0,0,0,0,0,0,0,0,0,0,0,0,0,0,0,0,0,0,0,0,0,0,0,0,0
29-02-2016,0,0.38,0,0.6,0.49,0.38,0.42,1.28,2.1,1.03,0.34,0.28,0.42,0.07,0.31,1.44,0.28,0.51,0.67,0.22,0.08,0.87,1.32,0.37,0.29,0,0.37,0.45,0.41,0,1.29,0.2,0.27,0.48,0.22,0.35,0.5,0.72,0.22,1.54,5.61,6.42,1.05,0.3,0.38,1.99,3.7,0,0.39,0,0,1.36,7.26,5.58,0,0,0.4,2.17,0.43,2.96,1.4,1.89,1.44,0.45,0,0.22,0.83,0.24,1.17,0.24,0.22,0.18,0.96,0,0.18,0.2,0.12,5.35,0.19,0,0.12,1.65,0,0.29,0.39,3.1,0.19,0.14,1.94,0.35,0.56,3.88,0.86,0.44,0.18,0.94,0,0,0.76,0.68,0.19,0.14,1.12,0,0.38,0.64,0,0.59,0.34,0.77,0.59,0.54,0.27,0.26,0.41,0.28,0.6,0,0,0,0,0,0,0,0,0,0,0,0,0,0,0,0,0,0,0,0,0,0,0,0,0,0,0,0,0,0,0,0,0,0,0,0,0,0,0,0,0,0,0,0
31-03-2016,0,0.39,0,0.68,0.55,0.31,0.47,1.18,2.24,1.01,0.32,0.27,0.42,0.07,0.33,1.44,0.31,0.57,0.71,0.26,0.08,0.78,1.12,0.34,0.32,0,0.35,0.43,0.38,0,1.16,0.19,0.24,0.51,0.24,0.34,0.53,0.75,0.22,1.39,5.28,6.39,1.12,0.34,0.4,1.88,4.16,0,0.37,0,0,1.43,7.37,5.59,0,0,0.41,2.11,0.45,3.02,1.07,1.68,1.49,0.39,0,0.24,0.96,0.24,1.16,0.23,0.22,0.19,0.93,0,0.15,0.19,0.13,5.23,0.22,0,0.13,1.83,0,0.3,0.42,2.69,0.2,0.15,2.26,0.35,0.65,4.06,0.89,0.43,0.17,0.99,0,0,0.86,0.64,0.2,0.13,1.1,0,0.43,0.61,0,0.61,0.36,0.71,0.6,0.48,0.29,0.3,0.38,0.27,0.58,0,0,0,0,0,0,0,0,0,0,0,0,0,0,0,0,0,0,0,0,0,0,0,0,0,0,0,0,0,0,0,0,0,0,0,0,0,0,0,0,0,0,0,0
29-04-2016,0,0.4,0,0.64,0.51,0.3,0.45,1.15,2.33,1.02,0.34,0,0.44,0,0.29,1.46,0.34,0.53,0.75,0.24,0,0.8,1.08,0.33,0.34,0,0.36,0.46,0.4,0.17,1.15,0,0,0.5,0.23,0.35,0.49,0.78,0.21,1.25,5.08,6.59,1.08,0.36,0.41,1.83,4.07,0,0.39,0,0,1.51,7.13,5.4,0,0,0.43,2.18,0.41,3.04,1.13,1.81,1.49,0.36,0,0.22,1.02,0.24,1.15,0,0.22,0.19,0.93,0,0.17,0.2,0,4.8,0,0,0.14,1.73,0,0.3,0.4,2.6,0,0,2.33,0.38,0.7,3.99,0.89,0.44,0.15,0.95,0,0,0.91,0.67,0,0.14,1.05,0,0.48,0.59,0,0.6,0.34,0.72,0.62,0.5,0,0.34,0.4,0,0.62,0.2,0.42,0.21,0.25,0.17,0.18,0.13,0.09,0.18,0.27,0.33,0.44,0.21,0,0,0,0,0,0,0,0,0,0,0,0,0,0,0,0,0,0,0,0,0,0,0,0,0,0,0,0,0,0,0
31-05-2016,0,0.41,0,0.5,0.5,0.3,0.44,1.26,2.45,1.01,0.31,0,0.38,0,0.27,1.32,0.31,0.58,0.73,0.23,0,0.68,1.05,0.33,0.34,0,0.31,0.46,0.4,0.16,1.14,0,0,0.49,0.21,0.34,0.53,0.8,0.19,1.19,5.56,6.72,1.11,0.38,0.43,1.72,4.05,0,0.36,0,0,1.53,7.1,5.62,0,0,0.42,2.26,0.41,3.44,1,1.75,1.57,0.36,0,0.2,1.01,0.22,1.08,0,0.2,0.17,0.94,0,0.14,0.18,0,4.5,0,0,0.13,1.81,0,0.3,0.49,2.35,0,0,2.53,0.38,0.64,3.89,0.95,0.43,0.14,0.96,0,0,0.96,0.69,0,0.14,1,0,0.51,0.57,0,0.6,0.36,0.64,0.62,0.45,0,0.34,0.37,0,0.57,0.19,0.45,0.2,0.24,0.15,0.18,0.12,0.18,0.17,0.31,0.33,0.45,0.19,0,0,0,0,0,0,0,0,0,0,0,0,0,0,0,0,0,0,0,0,0,0,0,0,0,0,0,0,0,0,0
30-06-2016,0,0.42,0,0.53,0.55,0.28,0.39,1.26,2.48,1.02,0.39,0,0.41,0,0.26,1.35,0.32,0.58,0.78,0.22,0,0.71,1.1,0.34,0.33,0,0.32,0.49,0.39,0.19,1.19,0,0,0.5,0.21,0.31,0.56,0.84,0.19,1.15,5.52,6.56,1.12,0.44,0.46,1.79,3.9,0,0.33,0,0,1.51,6.53,5.79,0,0,0.43,2.27,0.42,3.42,1.03,1.86,1.55,0.36,0,0.21,1.08,0.21,1.08,0,0.2,0.22,1,0,0.15,0.19,0,4.47,0,0,0.13,1.89,0,0.33,0.49,2.31,0,0,2.48,0.37,0.6,3.79,0.88,0.47,0.14,0.99,0,0,1.01,0.7,0,0.14,1,0,0.46,0.51,0,0.56,0.36,0.66,0.57,0.45,0,0.4,0.38,0,0.6,0.18,0.47,0.21,0.23,0.15,0.19,0.13,0.19,0.16,0.31,0.35,0.41,0.19,0,0,0,0,0,0,0,0,0,0,0,0,0,0,0,0,0,0,0,0,0,0,0,0,0,0,0,0,0,0,0
29-07-2016,0,0.42,0,0.56,0.56,0.28,0.36,1.33,2.42,0.98,0.44,0,0.38,0,0.25,1.27,0.35,0.6,0.82,0.29,0,0.71,1.1,0.33,0.33,0,0.31,0.45,0.41,0.19,0.98,0,0,0.48,0.19,0.32,0.53,0.84,0.2,1.13,5.77,6.61,1.07,0.45,0.56,1.75,4.06,0,0.31,0,0,1.52,5.7,5.66,0,0,0.47,2.16,0.42,3.39,1.1,1.81,1.68,0.33,0,0.21,1.04,0.22,1.05,0,0.24,0.24,1.03,0,0.14,0.22,0,4.46,0,0,0.13,1.89,0,0.31,0.49,2.39,0,0,2.58,0.35,0.63,3.7,0.8,0.47,0.15,1.03,0,0,1.06,0.72,0,0.14,0.93,0,0.5,0.56,0,0.57,0.4,0.73,0.62,0.46,0,0.48,0.39,0,0.7,0.18,0.58,0.2,0.25,0.17,0.19,0.14,0.19,0.16,0.3,0.37,0.43,0.19,0,0,0,0,0,0,0,0,0,0,0,0,0,0,0,0,0,0,0,0,0,0,0,0,0,0,0,0,0,0,0
31-08-2016,0,0.42,0,0.61,0.56,0.27,0.32,1.36,2.59,1.05,0.47,0,0.4,0,0.27,1.14,0.33,0.57,0.81,0.29,0,0.75,1.09,0.33,0.3,0,0.32,0.43,0.44,0.18,1.01,0,0,0.47,0.17,0.33,0.5,0.78,0.19,1.14,5.77,6.72,1.17,0.53,0.52,1.7,3.9,0,0.31,0,0,1.52,5.37,5.71,0,0,0.48,2.42,0.45,3.22,0.92,1.74,1.74,0.31,0,0.22,1.02,0.2,1.1,0,0.27,0.25,1.05,0,0.14,0.24,0,4.55,0,0,0.13,2.04,0,0.29,0.47,2.18,0,0,2.7,0.37,0.64,3.47,0.76,0.45,0.15,1.09,0,0,1.17,0.77,0,0.14,0.82,0,0.5,0.48,0,0.55,0.38,0.79,0.65,0.53,0,0.48,0.39,0,0.76,0.16,0.6,0.19,0.25,0.23,0.18,0.15,0.17,0.16,0.28,0.39,0.45,0.21,0,0,0,0,0,0,0,0,0,0,0,0,0,0,0,0,0,0,0,0,0,0,0,0,0,0,0,0,0,0,0
30-09-2016,0,0.4,0,0.6,0.51,0.27,0.3,1.38,2.39,1.01,0.49,0,0.42,0,0.3,1.09,0.32,0.55,0.84,0.3,0,0.77,1.07,0.34,0.31,0,0.32,0.4,0.43,0.17,1.04,0,0,0.46,0.16,0.37,0.53,0.82,0.19,1.19,5.82,6.73,1.15,0.52,0.56,1.64,3.87,0,0.26,0,0,1.56,5.46,5.39,0,0,0.49,2.37,0.46,3.1,0.94,1.73,1.92,0.33,0,0.22,0.97,0.19,1.22,0,0.27,0.28,1.02,0,0,0,0,4.73,0,0,0.13,2.06,0,0.29,0.45,2.12,0,0,2.73,0.36,0.66,3.41,0.69,0.43,0.16,1.06,0,0,1.09,0.79,0,0.15,0.81,0,0.53,0.51,0,0.61,0.38,0.87,0.66,0.52,0,0.5,0.38,0,0.78,0.16,0.59,0.2,0.26,0.25,0.19,0.16,0.15,0.17,0.28,0.39,0.45,0.21,0.1,0.39,0,0,0,0,0,0,0,0,0,0,0,0,0,0,0,0,0,0,0,0,0,0,0,0,0,0,0,0,0
30-10-2016,0,0.37,0,0.71,0.49,0.27,0.34,1.27,2.14,1.01,0.54,0,0.39,0,0.29,1.1,0.33,0.52,0.91,0.33,0,0.77,1.08,0.34,0.3,0,0.3,0.43,0.43,0.18,1.1,0,0,0.53,0.16,0.37,0.53,0.82,0.19,1.14,5.71,6.59,1.12,0.5,0.61,1.57,4.23,0,0.25,0,0,1.55,5.25,5.36,0,0,0.46,2.49,0.47,3.17,0.95,1.61,2.05,0.3,0,0.28,0.98,0.19,1.36,0,0.28,0.28,1.01,0,0,0,0,4.56,0,0,0.14,2.1,0,0.28,0.41,2.12,0,0,2.7,0.37,0.71,3.33,0.72,0.42,0.16,1.08,0,0,1.09,0.74,0,0.15,0.78,0,0.55,0.48,0,0.58,0.39,0.84,0.67,0.51,0,0.58,0.38,0,0.87,0.15,0.6,0.21,0.28,0.24,0.19,0.17,0.16,0.17,0.29,0.39,0.46,0.18,0.1,0.39,0,0,0,0,0,0,0,0,0,0,0,0,0,0,0,0,0,0,0,0,0,0,0,0,0,0,0,0,0
30-11-2016,0,0.35,0,0.65,0.45,0.25,0.31,1.2,2.19,1,0.5,0,0.43,0,0.31,1.18,0.32,0.51,0.92,0,0,0.79,1.07,0.34,0.27,0,0.29,0.44,0.41,0.14,1.1,0,0,0.55,0.16,0.37,0.5,0.77,0.16,1.25,5.5,6.64,1.11,0.62,0.64,1.66,4.25,0,0.27,0,0,1.5,5.36,5.42,0,0,0.51,2.48,0.47,3.12,0.99,1.52,1.92,0.27,0,0.27,1.11,0.19,1.43,0,0.31,0.28,1.16,0,0,0,0,4.5,0,0,0.15,2.21,0,0.27,0.36,2.11,0,0,2.44,0.37,0.76,3.33,0.83,0.37,0.17,1.03,0,0,1.06,0.69,0,0.16,0.82,0,0.64,0.55,0,0.55,0.44,0.79,0.65,0.49,0,0.69,0.36,0,0.86,0.15,0.53,0.24,0.28,0.27,0.19,0.2,0.18,0.17,0.27,0.37,0.42,0.19,0.09,0.38,0.22,0,0,0,0,0,0,0,0,0,0,0,0,0,0,0,0,0,0,0,0,0,0,0,0,0,0,0,0
30-12-2016,0,0.35,0,0.63,0.44,0.25,0.32,1.12,2.12,0.99,0.49,0,0.4,0,0.31,1.12,0.3,0.53,0.92,0,0,0.8,1.05,0.33,0.26,0,0.31,0.44,0.28,0.14,1.06,0,0,0.57,0.16,0.38,0.53,0.77,0.16,1.3,5.56,6.75,1.08,0.55,0.61,1.64,4.13,0,0.26,0,0,1.54,5.61,5.69,0,0,0.48,2.39,0.47,3.07,0.99,1.53,1.96,0.28,0,0.27,1.13,0.19,1.43,0,0.29,0.24,1.12,0,0,0,0,4.97,0,0,0.14,2.16,0,0.28,0.34,1.9,0,0,2.54,0.38,0.73,3.5,0.85,0.38,0.15,0.94,0,0,1.06,0.69,0,0.17,0.85,0,0.66,0.51,0,0.5,0.47,0.81,0.56,0.47,0,0.66,0.37,0,0.92,0.15,0.49,0.22,0.25,0.26,0.16,0.18,0.17,0.19,0.25,0.36,0.42,0.18,0.09,0.37,0.23,0,0,0,0,0,0,0,0,0,0,0,0,0,0,0,0,0,0,0,0,0,0,0,0,0,0,0,0
31-01-2017,0,0.35,0,0.66,0.47,0.25,0.34,1.15,2.09,1.02,0.52,0,0.41,0,0.3,1.21,0.33,0.53,0.94,0,0,0.77,1.03,0.31,0.26,0,0.3,0.41,0.24,0.16,0.99,0,0,0.58,0.15,0.36,0.53,0.77,0.16,1.21,5.71,6.84,1.07,0.64,0.68,1.61,4.13,0,0.37,0,0,1.66,4.9,5.77,0,0,0.56,2.44,0.44,3.13,0.93,1.52,2.07,0.29,0,0.3,1.12,0.19,1.44,0,0.29,0.27,1.2,0,0,0,0,4.56,0,0,0.17,2.13,0,0.27,0.37,1.8,0,0,2.67,0.38,0.82,3.13,0.74,0.4,0.15,1.02,0,0,1.21,0.71,0,0.16,0.78,0,0.7,0.41,0,0.48,0.45,0.81,0.61,0.49,0,0.73,0.35,0,0.99,0.15,0.57,0.24,0.24,0.26,0.17,0.2,0.18,0.17,0.27,0.36,0.45,0.17,0.09,0.36,0.26,0,0,0,0,0,0,0,0,0,0,0,0,0,0,0,0,0,0,0,0,0,0,0,0,0,0,0,0
28-02-2017,0,0.3,0,0.62,0.43,0.25,0.33,1.17,2.18,0.95,0.6,0,0.4,0,0.34,1.22,0.37,0.5,0.88,0,0,0.75,1.06,0.3,0.27,0,0.31,0.4,0.25,0.17,0.87,0,0,0.63,0.14,0.36,0.53,0.81,0.15,1.2,5.51,7.12,1.02,0.6,0.68,1.57,4.08,0,0.36,0,0,1.67,5.13,5.64,0,0,0.49,2.43,0.43,3.06,0.89,1.55,2,0.3,0,0.3,1.02,0.21,1.39,0,0.3,0.27,1.07,0,0,0,0,5.19,0,0,0.16,2.18,0,0.27,0.34,1.9,0,0,2.17,0.38,0.82,3.33,0.79,0.46,0.14,1,0,0,1.22,0.71,0,0.16,0.78,0,0.66,0.37,0,0.48,0.46,0.82,0.71,0.48,0,0.72,0.37,0,1,0.16,0.59,0.22,0.29,0.25,0.16,0.2,0.18,0.17,0.27,0.36,0.36,0.17,0.1,0.38,0.24,0,0,0,0,0,0,0,0,0,0,0,0,0,0,0,0,0,0,0,0,0,0,0,0,0,0,0,0
31-03-2017,0,0.3,0,0.67,0.43,0,0.3,1.19,2.05,0.94,0.61,0,0.4,0,0,1.13,0.36,0.51,0.83,0,0,0.74,0.94,0.33,0.27,0,0.32,0.38,0.2,0.16,0.78,0,0,0.59,0.14,0.32,0.52,0.83,0.15,1.21,5.85,7.16,1.01,0.61,0.64,1.6,3.96,0,0.26,0,0,1.76,5.01,5.84,0,0,0.48,2.56,0.46,3.17,0.85,1.47,1.96,0.27,0,0.26,1.01,0.21,1.28,0.3,0.31,0.27,1.06,0,0,0.36,0,5.36,0,0,0.16,2.3,0,0.27,0.38,1.86,0,0,2.15,0.4,0.79,3.18,0.7,0.47,0.13,1.02,0,0,1.25,0.72,0,0.16,0.8,0,0.65,0.41,0,0.47,0.47,0.84,0.79,0.49,0,0.74,0.37,0,0.97,0.17,0.6,0.27,0.28,0,0.16,0.18,0.18,0.18,0.26,0.37,0.35,0.19,0.12,0.38,0.27,0.18,0,0,0,0,0,0,0,0,0,0,0,0,0,0,0,0,0,0,0,0,0,0,0,0,0,0,0
28-04-2017,0,0.33,0,0.64,0.43,0,0.29,1.21,2.08,0.94,0.66,0,0.43,0,0,1.13,0.38,0.51,0.9,0,0,0.68,0.87,0.33,0.32,0,0.33,0.39,0.19,0.2,0.76,0,0,0.65,0.13,0.33,0.53,0.89,0.14,1.1,5.86,7.51,1.02,0.7,0.64,1.6,3.9,0,0.25,0,0,1.74,4.41,5.67,0,0,0.5,2.59,0.49,3.45,0.77,1.49,2.08,0.23,0,0.24,0.98,0.19,1.27,0.31,0.33,0.3,1.1,0,0,0.39,0,5.54,0,0,0.15,2.22,0,0.28,0.36,1.7,0,0,2.07,0.37,0.72,2.91,0.62,0.47,0.13,1.06,0,0,1.43,0.69,0,0.15,0.75,0,0.71,0.44,0,0.41,0.5,0.83,0.79,0.51,0,0.64,0.39,0,1.08,0.18,0.64,0.3,0.27,0,0.16,0.16,0.16,0.17,0.27,0.4,0.34,0.17,0.12,0.49,0.28,0.18,0,0,0,0,0,0,0,0,0,0,0,0,0,0,0,0,0,0,0,0,0,0,0,0,0,0,0
31-05-2017,0,0.32,0,0.64,0.41,0,0.31,1.21,2.04,0.9,0.59,0,0.39,0,0,1.15,0.29,0.5,0.9,0,0,0.61,0.8,0.32,0.3,0,0.3,0.37,0.17,0.19,0.71,0,0,0.62,0.12,0.22,0.53,0,0.15,1.15,5.83,7.75,1.14,0.68,0.64,1.78,4.45,0,0.26,0,0,1.74,4.56,6.2,0,0,0.47,2.74,0.52,3.38,0.65,1.54,2.24,0.27,0,0.2,0.93,0.18,1.17,0.31,0.28,0.26,1.07,0,0,0.37,0,5.2,0,0,0.14,2.13,0,0.28,0.35,1.29,0,0,2.09,0.34,0.79,3.17,0.57,0.46,0.13,1.02,0,0,1.22,0.66,0,0.14,0.79,0,0.74,0.6,0,0.38,0.55,0.89,0.87,0.49,0,1.04,0.38,0,1.02,0.18,0.67,0.29,0.28,0,0.16,0.14,0.15,0.16,0.28,0.37,0.34,0.14,0.12,0.52,0.27,0.18,0.18,0,0,0,0,0,0,0,0,0,0,0,0,0,0,0,0,0,0,0,0,0,0,0,0,0,0
30-06-2017,0,0.31,0,0.69,0.42,0,0.31,1.17,2.07,0.89,0.58,0,0.36,0,0,1.18,0.29,0.5,0.78,0,0,0.66,0.75,0.35,0.29,0,0.29,0.39,0.19,0.2,0.76,0,0,0.54,0.12,0.22,0.57,0,0.15,1.14,6.02,7.85,1.13,0.65,0.6,1.81,4.36,0,0.27,0,0,1.74,4.39,6.46,0,0,0.5,2.72,0.53,3.25,0.6,1.47,2.25,0.29,0,0.2,0.92,0.19,1.04,0.3,0.26,0.24,1.09,0,0,0.33,0,5.37,0,0,0.14,2.38,0,0.28,0.34,1.44,0,0,1.9,0.34,0.86,2.95,0.56,0.51,0.13,0.97,0,0,1.26,0.63,0,0.12,0.77,0,0.72,0.62,0,0.45,0.56,0.85,0.81,0.51,0,1.09,0.38,0,0.92,0.18,0.69,0.27,0.32,0,0.15,0.16,0.16,0.18,0.29,0.35,0.31,0.14,0.13,0.53,0.26,0.21,0.19,0,0,0,0,0,0,0,0,0,0,0,0,0,0,0,0,0,0,0,0,0,0,0,0,0,0
31-07-2017,0,0.32,0,0.71,0.43,0,0.35,1.16,1.96,0.85,0.67,0,0.35,0,0,1.22,0.29,0.49,0.81,0,0,0.63,0.72,0.32,0.28,0,0.3,0.39,0.19,0.19,0.64,0,0,0.54,0.11,0.23,0.58,0,0.14,1.13,6.3,8.01,1.05,0.71,0.63,1.83,4.3,0,0.28,0,0,1.83,4.48,5.37,0,0,0.51,2.75,0.46,3.26,0.55,1.45,2.28,0.29,0,0.22,0.9,0.18,1.06,0.27,0.25,0.27,1.09,0,0,0.31,0,5.93,0,0,0.14,2.57,0,0.29,0.33,1.3,0,0,1.85,0.33,0.84,2.94,0.53,0.5,0.12,0.94,0,0,1.47,0.66,0,0.12,0.81,0,0.71,0.62,0,0.45,0.56,0.89,0.84,0.51,0,1.15,0.38,0,0.83,0.17,0.81,0.28,0.31,0,0.15,0.16,0.14,0.17,0.27,0.36,0.29,0.14,0.13,0.53,0.25,0.19,0.17,0,0,0,0,0,0,0,0,0,0,0,0,0,0,0,0,0,0,0,0,0,0,0,0,0,0
31-08-2017,0,0.34,0,0.71,0.46,0,0.34,1.18,1.91,0.86,0.75,0,0.29,0,0,1.27,0.26,0.45,0.93,0,0,0.65,0.69,0.33,0.32,0,0.28,0.4,0.2,0.19,0.55,0,0,0.55,0.11,0.2,0.53,0,0.14,1.11,6.33,8.08,1.16,0.78,0.82,1.95,4.29,0,0.28,0,0,1.87,4.1,5.38,0,0,0.59,2.66,0.46,3.14,0.53,1.41,2.3,0.29,0,0.22,0.94,0.17,0.99,0.31,0.25,0.24,1.08,0,0,0.31,0,5.93,0,0,0.14,2.31,0,0.26,0.32,1.19,0,0,1.59,0.32,0.96,2.98,0.6,0.58,0.12,0.94,0,0,1.44,0.64,0,0.12,0.85,0,0.68,0.59,0,0.46,0.54,0.94,0.88,0.56,0,1.29,0.37,0,1.04,0.16,0.86,0.3,0.29,0,0.15,0.17,0.14,0.18,0.29,0.34,0.25,0.13,0.13,0.49,0.26,0.18,0.15,0,0,0,0,0,0,0,0,0,0,0,0,0,0,0,0,0,0,0,0,0,0,0,0,0,0
29-09-2017,0,0.32,0,0.67,0.44,0,0.4,1.15,1.96,0.95,0.7,0,0.29,0,0,1.16,0.26,0.42,0.83,0,0,0.67,0.8,0.32,0.33,0,0.28,0.39,0,0.17,0.64,0,0,0.61,0.12,0.2,0.52,0,0.13,1.1,6.27,8.31,1.11,0.79,0.72,1.89,4,0,0.24,0,0,1.93,4.06,4.97,0,0,0.58,3.01,0.43,3.18,0.55,1.32,2.39,0.28,0,0.21,1.15,0.18,1.09,0.39,0.25,0.22,1.05,0,0,0.28,0,5.84,0,0,0.12,2.13,0,0.24,0.35,1.25,0,0,1.7,0.32,0.99,2.74,0.65,0.55,0,0.91,0,0,1.45,0.64,0,0.14,0.8,0,0.64,0.63,0,0.44,0.59,0.94,0.88,0.58,0.35,1.32,0.36,0,0.92,0.17,0.98,0.29,0.27,0,0.15,0.17,0.13,0.18,0.28,0.51,0.26,0.14,0.12,0.48,0.26,0.16,0.17,0.17,0,0,0,0,0,0,0,0,0,0,0,0,0,0,0,0,0,0,0,0,0,0,0,0,0
31-10-2017,0,0.33,0,0.72,0.44,0,0.4,1.13,1.9,0.94,0.65,0,0.34,0,0,1.4,0.28,0.41,0.9,0,0,0.68,0.8,0.3,0.32,0,0.26,0.4,0,0.19,0.63,0,0,0.64,0.12,0.2,0.5,0,0.13,1.01,5.8,7.85,1.06,0.83,0.71,1.88,4.1,0,0.27,0,0,1.76,3.92,4.82,0,0,0.57,2.91,0.39,3.21,0.52,1.33,2.32,0.33,0,0.22,1.18,0.17,1.15,0.41,0.27,0.31,0.99,0,0,0.3,0,6.65,0,0,0.17,2.42,0,0.24,0.36,1.3,0,0,1.71,0.33,1,2.78,0.64,0.56,0,0.98,0,0,1.23,0.63,0,0.14,0.79,0,0.62,0.66,0,0.46,0.61,0.92,0.85,0.58,0.35,1.31,0.35,0,0.9,0.16,0.91,0.31,0.27,0,0.16,0.17,0.13,0.17,0.26,0.49,0.26,0.13,0.13,0.47,0.25,0.24,0.18,0.17,0,0,0,0,0,0,0,0,0,0,0,0,0,0,0,0,0,0,0,0,0,0,0,0,0
30-11-2017,0,0.3,0,0.67,0.41,0,0.36,1.11,1.96,0.97,0.68,0,0.34,0,0,1.41,0.27,0.4,0.84,0,0,0.65,0.77,0.3,0.31,0,0.25,0.42,0,0.22,0.59,0,0,0.65,0.11,0.18,0.52,0,0.15,1.01,5.74,8.12,1.01,0.75,0.67,1.95,4.24,0,0.28,0,0,1.82,4.19,4.69,0,0,0.57,2.86,0.38,3.22,0.42,1.41,2.45,0.36,0,0.22,1.19,0.18,1.1,0.41,0.23,0.28,0.97,0,0,0.27,0,6.56,0,0,0.17,2.55,0,0.23,0.41,1.28,0,0,1.63,0.37,1,2.82,0.66,0.73,0,0.94,0,0,1.21,0.67,0,0.14,0.79,0,0.57,0.58,0,0.42,0.61,0.86,0.84,0.61,0.36,1.18,0.34,0,0.86,0.16,0.88,0.31,0.24,0,0.17,0.16,0.13,0.19,0.28,0.45,0.25,0.14,0.12,0.48,0.26,0.22,0.18,0.16,0,0,0,0,0,0,0,0,0,0,0,0,0,0,0,0,0,0,0,0,0,0,0,0,0
29-12-2017,0,0.31,0,0.64,0.41,0,0.35,1.08,1.99,0.94,0.65,0,0.31,0,0,1.45,0.26,0.38,0.84,0,0,0.64,0.71,0.3,0.31,0,0.25,0.41,0,0.24,0.61,0,0,0.66,0.11,0.18,0.52,0,0.16,1.03,5.66,7.93,1.02,0.83,0.65,2.02,4.18,0,0.31,0,0,1.74,4.31,4.65,0,0,0.58,2.79,0.35,3.21,0.44,1.45,2.68,0.39,0,0.23,1.12,0.19,1.14,0.4,0.23,0.37,0.91,0,0,0.26,0,6.58,0,0,0.2,2.38,0,0.23,0.45,1.31,0,0,1.65,0.35,1.02,2.78,0.65,0.74,0,0.93,0,0,1.2,0.66,0,0.14,0.82,0,0.58,0.61,0,0.4,0.61,0.84,0.8,0.57,0.37,1.27,0.34,0,0.82,0.15,0.86,0.3,0.23,0,0.17,0.16,0.15,0.18,0.29,0.46,0.26,0.14,0.23,0.49,0.28,0.22,0.2,0.17,0,0,0,0,0,0,0,0,0,0,0,0,0,0,0,0,0,0,0,0,0,0,0,0,0
31-01-2018,0,0.29,0,0.66,0.38,0,0.36,1.02,1.88,0.91,0.58,0,0.3,0,0,1.16,0.27,0.35,0.77,0,0,0.6,0.78,0.3,0.3,0,0.25,0.4,0,0.22,0.54,0,0,0.61,0.1,0.18,0.53,0,0.16,1.1,6.24,8.19,0.96,0.75,0.59,1.95,4.53,0,0.25,0,0,1.78,4.59,4.62,0,0,0.6,2.95,0.32,3.49,0.42,1.42,2.52,0.37,0,0.25,1.04,0.19,1.15,0.38,0.21,0.36,0.85,0,0,0.25,0,6.62,0,0,0.18,2.32,0,0.23,0.4,1.28,0,0,1.47,0.32,1.09,3.09,0.77,0.72,0,0.91,0,0,1.3,0.65,0,0.13,0.69,0,0.55,0.55,0,0.35,0.57,0.72,0.9,0.55,0.33,1.26,0.32,0,0.85,0.17,0.79,0.27,0.22,0,0.14,0.16,0.13,0.17,0.28,0.42,0.23,0.13,0.22,0.47,0.25,0.22,0.2,0.16,0,0,0,0,0,0,0,0,0,0,0,0,0,0,0,0,0,0,0,0,0,0,0,0,0
28-02-2018,0,0.29,0,0.66,0.39,0,0.43,1.06,1.76,0.86,0.64,0,0.28,0,0,1.18,0.26,0.36,0.7,0,0,0.63,0.84,0.29,0.3,0,0.23,0.38,0,0.21,0.57,0,0,0.62,0.11,0.17,0.57,0,0.17,1.1,6.05,8.07,0.98,0.75,0.59,1.97,4.21,0,0.24,0,0,1.79,4.91,4.74,0,0,0.68,3.05,0.32,3.4,0.41,1.42,2.46,0.39,0,0.24,1.04,0.18,1.11,0.39,0.2,0.22,0.91,0,0,0.24,0,6.89,0,0,0.18,2.08,0,0.22,0.41,1.24,0,0,1.43,0.32,1.09,3.16,0.8,0.71,0,0.91,0,0,1.24,0.65,0,0.13,0.69,0,0.56,0.56,0,0.36,0.54,0.77,0.85,0.62,0.38,1.28,0.33,0,0.81,0.17,0.81,0.25,0.22,0,0.14,0.17,0.12,0.19,0.29,0.42,0.22,0.14,0.26,0.47,0.25,0.24,0.19,0.19,0,0,0,0,0,0,0,0,0,0,0,0,0,0,0,0,0,0,0,0,0,0,0,0,0
28-03-2018,0,0.28,0,0.59,0.37,0,0.45,1.1,1.76,0.81,0.68,0,0.29,0,0,1.14,0.24,0.36,0.72,0,0,0.6,0.8,0.31,0.3,0,0.21,0.4,0,0.19,0.55,0,0,0.61,0.1,0.17,0.6,0,0.16,1.17,6.33,8.37,1,0.68,0.56,2.07,3.88,0,0.29,0,0,1.99,4.91,4.73,0,0,0.65,3.03,0.35,3.51,0.38,1.49,2.56,0.38,0,0.23,1.12,0.18,1.09,0.38,0.17,0.22,0.92,0,0,0.22,0,6.6,0,0,0.16,2.01,0,0.21,0.45,1.19,0,0,1.31,0.31,0.96,3.08,0.87,0.85,0,0.89,0,0,1.22,0.68,0,0.13,0.69,0,0.58,0.57,0,0.34,0.53,0.82,0.87,0.63,0.39,1.12,0.37,0,0.78,0.15,0.91,0.24,0.21,0,0.14,0.17,0.13,0.2,0.31,0.43,0.2,0.13,0.26,0.46,0.25,0.23,0.18,0.2,0,0,0,0,0,0,0,0,0,0,0,0,0,0,0,0,0,0,0,0,0,0,0,0,0
30-04-2018,0,0.27,0,0.58,0.37,0,0.48,1.09,1.79,0.81,0.67,0,0.29,0,0,1.09,0.24,0.36,0.61,0,0,0.62,0.75,0.3,0.29,0,0.21,0.42,0,0.2,0.52,0,0,0.58,0,0,0.57,0.87,0,1.18,6.36,8.03,0.98,0.69,0.46,2.17,3.68,0,0.25,0,0,1.95,4.59,4.84,0,0,0.68,3.26,0.33,3.48,0.39,1.64,2.36,0.41,0,0.22,1.09,0.19,1.03,0.34,0.16,0.2,0.94,0,0,0.21,0,6.7,0,0,0.16,1.84,0,0.2,0.47,1.18,0,0,1.27,0,0.93,3.54,0.85,0.83,0,0.86,0,0,1.34,0.65,0,0.13,0.64,0,0.54,0.54,0,0.36,0.57,0.84,0.85,0.65,0.4,1.12,0.35,0,0.7,0.15,0.91,0.21,0.21,0,0.14,0.17,0.13,0.18,0.34,0.42,0.2,0,0.26,0.45,0.26,0.23,0.17,0.21,0.18,0.18,0.22,0.18,0,0,0,0,0,0,0,0,0,0,0,0,0,0,0,0,0,0,0,0,0
31-05-2018,0,0.23,0,0.56,0.31,0,0.43,1.19,1.91,0.76,0.74,0,0.26,0,0,1,0.23,0.34,0.64,0,0,0.54,0.78,0.34,0.31,0,0.19,0.44,0,0.19,0.48,0,0,0.63,0,0,0.58,0.83,0,1.03,6.23,8.9,0.93,0.69,0.47,2.34,3.73,0,0.22,0,0,2.03,4.75,4.71,0,0,0.7,3.61,0.29,3.43,0.37,1.75,2.3,0.38,0,0.21,1.07,0.18,1.02,0.33,0.15,0.18,0.96,0,0,0.2,0,6.45,0,0,0.16,2.03,0,0.19,0.43,1.08,0,0,1.06,0,0.91,3.52,0.91,0.76,0,0.79,0,0,1.3,0.62,0,0.12,0.6,0,0.53,0.52,0,0.32,0.5,0.83,0.82,0.71,0.38,0.94,0.34,0,0.76,0.13,1.02,0.19,0.19,0,0.13,0.15,0.12,0.18,0.36,0.42,0.17,0,0.23,0.42,0.26,0.23,0.18,0.22,0.16,0.18,0.21,0.17,0,0,0,0,0,0,0,0,0,0,0,0,0,0,0,0,0,0,0,0,0
29-06-2018,0,0.23,0,0.53,0.31,0,0.37,1.16,1.79,0.78,0.72,0,0.22,0,0,1.03,0.2,0.33,0.59,0,0,0.64,0.7,0.32,0.29,0,0.18,0.45,0,0.17,0.55,0,0,0.61,0,0,0.63,0.81,0,1.05,6.27,8.83,0.92,0.68,0.39,2.39,3.61,0,0.22,0,0,2.01,5.06,4.63,0,0,0.69,3.65,0.29,3.2,0.44,1.7,2.39,0.38,0,0.19,1.02,0.18,0.91,0.33,0.14,0.16,0.86,0,0,0.18,0,6.96,0,0,0.17,1.98,0,0.18,0.38,1.27,0,0,1.01,0,0.87,4.03,0.84,0.75,0,0.81,0,0,1.28,0.62,0,0.12,0.6,0,0.46,0.52,0,0.35,0.46,0.79,0.76,0.74,0.37,0.89,0.35,0,0.68,0.13,1.11,0.18,0.2,0,0.13,0.14,0.11,0.19,0.33,0.39,0.16,0,0.21,0.45,0.28,0.23,0.16,0.3,0.15,0.18,0.19,0.16,0,0,0,0,0,0,0,0,0,0,0,0,0,0,0,0,0,0,0,0,0
31-07-2018,0,0.25,0,0.54,0.33,0,0.31,1.26,1.82,0.71,0.81,0,0.28,0,0,0.99,0.19,0.33,0.59,0,0,0.63,0.65,0.29,0.28,0,0.18,0.46,0,0.17,0.5,0,0,0.63,0,0,0.64,0.78,0,1.03,6.19,8.62,0.82,0.6,0.41,2.38,3.76,0,0.19,0,0,1.96,4.99,4.89,0,0,0.66,3.35,0.31,3.09,0.38,1.68,2.43,0.32,0,0.18,0.93,0.17,0.9,0.33,0.15,0.17,0.79,0,0,0.19,0,8.02,0,0,0.15,2.12,0,0.17,0.39,1.21,0,0,0.94,0,0.82,4,0.82,0.73,0,0.84,0,0,1.31,0.56,0,0.11,0.6,0,0.45,0.47,0,0.32,0.5,0.73,0.82,0.74,0.37,0.79,0.36,0,0.68,0.12,1.23,0.18,0.19,0,0.14,0.14,0.1,0.19,0.33,0.4,0.14,0,0.17,0.45,0.31,0.24,0.15,0.32,0.16,0.17,0.21,0.16,0,0,0,0,0,0,0,0,0,0,0,0,0,0,0,0,0,0,0,0,0
31-08-2018,0,0.26,0,0.5,0.33,0,0.35,1.15,2.08,0.7,0.76,0,0.27,0,0,0.94,0.2,0.38,0.53,0,0,0.63,0.7,0.29,0.27,0,0.19,0.5,0,0.18,0.56,0,0,0.61,0,0,0.68,0.79,0,1.09,5.82,7.9,0.79,0.65,0.35,2.37,4.11,0,0.16,0,0,1.81,5.11,5.1,0,0,0.77,3.2,0.29,3.15,0.42,1.68,2.25,0.33,0,0.18,1,0.17,0.95,0.35,0.14,0.17,0.85,0,0,0.19,0,8.14,0,0,0.15,2.16,0,0.17,0.36,1.34,0,0,0.92,0,0.85,4.15,0.9,0.69,0,0.87,0,0,1.18,0.52,0,0.11,0.64,0,0.49,0.46,0,0.37,0.45,0.71,0.77,0.74,0.33,0.79,0.36,0,0.62,0.13,1.26,0.17,0.19,0,0.13,0.14,0.11,0.18,0.33,0.43,0.13,0,0.17,0.52,0.34,0.21,0.14,0.3,0.14,0.15,0.21,0.15,0,0,0,0,0,0,0,0,0,0,0,0,0,0,0,0,0,0,0,0,0
28-09-2018,0,0.26,0,0.52,0.33,0,0.34,1.17,2.17,0.73,0.73,0,0.19,0,0,0.89,0.19,0.36,0.58,0,0,0.66,0.73,0.29,0.28,0,0,0.48,0,0.14,0.61,0,0,0.68,0,0,0.58,0.81,0,1.21,5.7,8.6,0.76,0.67,0.38,2.3,3.93,0,0.14,0,0,1.73,5.55,5.1,0,0,0.79,3.05,0.25,3.14,0.43,1.61,1.95,0.31,0,0.2,1.05,0.17,1,0.34,0,0,0.87,0,0,0,0,8.61,0,0,0.14,1.99,0,0.17,0.33,1.38,0,0,0.83,0,0.88,4.68,0.94,0.67,0,0.85,0,0,0.68,0.49,0,0.12,0.73,0,0.49,0.45,0,0.42,0.41,0.66,0.57,0.69,0.26,0.86,0.34,0,0.66,0.15,1.03,0.13,0.2,0,0,0.15,0.1,0.18,0.32,0.41,0.12,0,0.16,0.4,0.3,0.2,0.12,0.3,0.13,0.16,0.16,0.12,0.13,0.29,0.25,0.15,0.11,0,0,0,0,0,0,0,0,0,0,0,0,0,0,0,0
31-10-2018,0,0.24,0,0.53,0.3,0,0.35,1.16,2.17,0.74,0.69,0,0.22,0,0,0.81,0.2,0.38,0.45,0,0,0.67,0.76,0.31,0.29,0,0,0.46,0,0.15,0.65,0,0,0.71,0,0,0.58,0.69,0,1.23,6.03,8.6,0.75,0.67,0.35,2.43,4.79,0,0.15,0,0,1.53,5.47,5.03,0,0,0.74,3.13,0.26,3.36,0.45,1.5,1.85,0.36,0,0.2,1.05,0.17,0.91,0.36,0,0,0.9,0,0,0,0,7.62,0,0,0.14,2.21,0,0.17,0.35,1.34,0,0,0.69,0,0.88,4.36,0.98,0.74,0,0.77,0,0,0.73,0.53,0,0.11,0.79,0,0.52,0.48,0,0.47,0.41,0.63,0.58,0.7,0.28,0.82,0.35,0,0.62,0.14,1.18,0.16,0.19,0,0,0.14,0.12,0.19,0.31,0.36,0.1,0,0.18,0.4,0.34,0.21,0.13,0.3,0.12,0.16,0.17,0.14,0.1,0.29,0.25,0.15,0.11,0,0,0,0,0,0,0,0,0,0,0,0,0,0,0,0
30-11-2018,0,0.25,0,0.58,0.32,0,0.32,1.22,2.23,0.75,0.73,0,0.2,0,0,0.83,0.19,0.35,0.51,0,0,0.55,0.67,0.33,0.3,0,0,0.46,0,0.16,0.66,0,0,0.62,0,0,0.57,0.69,0,1.13,6.49,9.16,0.8,0.66,0.35,2.52,4.59,0,0.13,0,0,1.67,5.09,4.91,0,0,0.66,3.31,0.28,3.55,0.43,1.48,2.04,0.4,0,0.17,0.88,0.15,0.8,0.32,0,0,0.83,0,0,0,0,8.02,0,0,0.11,2.14,0,0.17,0.34,1.09,0,0,0.64,0,0.8,4.24,0.89,0.78,0,0.84,0,0,0.63,0.55,0,0.1,0.74,0,0.56,0.44,0,0.46,0.38,0.64,0.48,0.75,0.28,0.73,0.37,0,0.58,0.15,1.21,0.14,0.19,0,0,0.14,0.12,0.18,0.36,0.4,0.1,0,0.2,0.38,0.34,0.2,0.12,0.32,0.12,0.14,0.18,0.14,0.12,0.26,0.26,0.15,0.1,0,0,0,0,0,0,0,0,0,0,0,0,0,0,0,0
31-12-2018,0,0.25,0,0.61,0.33,0,0.29,1.23,2.19,0.74,0.78,0,0.23,0,0,0.82,0.2,0.36,0.58,0,0,0.52,0.8,0.36,0.3,0,0,0.48,0,0.16,0.63,0,0,0.65,0,0,0.61,0.65,0,1.07,6.46,9.07,0.8,0.66,0.38,2.59,4.62,0,0.14,0,0,1.63,4.99,4.81,0,0,0.62,3.34,0.29,3.53,0.4,1.49,1.98,0.38,0,0.17,1,0.16,0.92,0.33,0,0,0.91,0,0,0,0,7.64,0,0,0.12,2.21,0,0.19,0.36,0.95,0,0,0.63,0,0.78,3.96,0.9,0.77,0,0.83,0,0,0.67,0.53,0,0.11,0.75,0,0.55,0.44,0,0.41,0.4,0.64,0.57,0.73,0.28,0.75,0.38,0,0.66,0.14,1.25,0.16,0.18,0,0,0.14,0.12,0.19,0.34,0.42,0.09,0,0.22,0.42,0.34,0.19,0.12,0.34,0.12,0.13,0.19,0.19,0.13,0.26,0.25,0.27,0.09,0,0,0,0,0,0,0,0,0,0,0,0,0,0,0,0
31-01-2019,0,0.24,0,0.54,0.31,0,0.24,1.28,2.58,0.7,0.74,0,0.22,0,0,0.81,0.18,0.35,0.56,0,0,0.53,0.76,0.34,0.29,0,0,0.5,0,0.15,0.66,0,0,0.6,0,0,0.54,0.57,0,1.13,6.37,8.99,0.68,0.61,0.35,2.53,4.72,0,0.11,0,0,1.55,5.73,4.81,0,0,0.56,3.37,0.27,3.26,0.42,1.28,1.78,0.32,0,0.17,0.95,0.17,0.88,0.34,0,0,0.87,0,0,0,0,8.45,0,0,0.1,2.21,0,0.18,0.3,0.94,0,0,0.66,0,0.72,4.26,0.92,0.84,0,0.74,0,0,0.72,0.43,0,0.1,0.84,0,0.58,0.5,0,0.45,0.34,0.53,0.45,0.76,0.26,0.74,0.38,0,0.67,0.14,1.23,0.16,0.16,0,0,0.13,0.11,0.19,0.34,0.39,0.1,0,0.23,0.36,0.36,0.17,0.11,0.29,0.1,0.12,0.16,0.19,0.1,0.27,0.24,0.28,0.09,0,0,0,0,0,0,0,0,0,0,0,0,0,0,0,0
28-02-2019,0,0.24,0,0.52,0.31,0,0.25,1.28,2.54,0.8,0.79,0,0.19,0,0,0.85,0.17,0.35,0.55,0,0,0.57,0.77,0.34,0.26,0,0,0.5,0,0.15,0.64,0,0,0.62,0,0,0.51,0.62,0,1.19,6.13,9.01,0.69,0.58,0.34,2.5,4.55,0,0.11,0,0,1.52,5.63,4.78,0,0,0.58,3.27,0.29,3.22,0.37,1.22,1.83,0.33,0,0.18,0.96,0.16,0.92,0.34,0,0,0.85,0,0,0,0,8.51,0,0,0.1,2.04,0,0.18,0.33,0.99,0,0,0.65,0,0.76,4.21,1.05,0.86,0,0.81,0,0,0.86,0.52,0,0.11,0.84,0,0.65,0.5,0,0.4,0.39,0.56,0.44,0.73,0.24,0.64,0.35,0,0.71,0.13,1.27,0.15,0.16,0,0,0.14,0.1,0.2,0.35,0.41,0.09,0,0.22,0.41,0.36,0.19,0.12,0.31,0.11,0.11,0.16,0.19,0.12,0.26,0.23,0.3,0.09,0,0,0,0,0,0,0,0,0,0,0,0,0,0,0,0
29-03-2019,0,0.26,0,0.55,0.32,0,0.24,1.25,2.82,0.74,0.79,0.35,0.23,0,0,0.82,0.18,0.3,0.58,0,0,0.5,0.74,0.31,0.27,0,0,0.43,0.4,0.17,0.63,0,0,0.58,0,0,0.48,0.63,0,1.1,6.03,9.27,0.62,0.56,0.39,2.26,4.79,0,0.2,0,0,1.69,5.25,4.74,0,0,0.55,3.31,0,3.18,0.33,1.17,1.65,0.31,0,0.17,1.02,0.14,0.9,0.35,0,0,0.85,0,0,0,0,8.67,0,0,0.1,2.23,0,0.19,0.34,0.98,0,0,0.59,0,0.73,3.91,0.91,0.88,0.29,0.78,0,0,0.95,0.46,0,0,0.71,0,0.65,0.5,0,0.41,0.33,0.53,0.53,0.67,0.22,0.62,0.33,0,0.71,0.13,1.33,0,0.16,0,0,0.13,0.1,0.19,0.35,0.42,0.08,0,0.25,0.46,0.36,0.2,0,0.29,0,0.11,0.18,0.17,0.12,0.24,0.34,0.31,0.09,0.1,0.27,0,0,0,0,0,0,0,0,0,0,0,0,0,0
30-04-2019,0,0.25,0,0.57,0.3,0,0.23,1.21,2.76,0.75,0.84,0.31,0.26,0,0,1,0.17,0.29,0.55,0,0,0.53,0.78,0.3,0.25,0,0,0.41,0.41,0.14,0.65,0,0,0.59,0,0,0.45,0.65,0,1.18,6.06,9.18,0.6,0.55,0.4,2.31,4.83,0,0.17,0,0,1.51,5.26,4.76,0,0,0.58,3.41,0,3.06,0.38,1.11,1.63,0.31,0,0.16,1,0.14,0.94,0.33,0,0,0.79,0,0,0,0,8.77,0,0,0.11,2.14,0,0.19,0.3,0.93,0,0,0.72,0,0.77,4.37,0.97,0.89,0.29,0.89,0,0,0.57,0.44,0,0,0.83,0,0.65,0.41,0,0.42,0.32,0.52,0.43,0.63,0.2,0.56,0.34,0,0.68,0.14,1.35,0,0.15,0,0,0.13,0.09,0.18,0.35,0.44,0.1,0,0.27,0.39,0.36,0.2,0,0.25,0,0.11,0.15,0.19,0.13,0.24,0.36,0.32,0.08,0.11,0.25,0,0,0,0,0,0,0,0,0,0,0,0,0,0
31-05-2019,0,0.26,0,0.59,0.31,0,0.23,1.15,2.87,0.72,0.9,0.35,0.29,0,0,1.07,0.16,0.28,0.58,0,0,0.51,0.77,0.28,0.26,0,0,0.41,0.37,0.21,0.59,0,0,0.59,0,0,0.47,0.63,0,1.08,6.53,9.47,0.63,0.52,0.44,2.32,4.95,0,0.15,0,0,1.49,5.09,4.34,0,0,0.5,3.69,0,3.49,0.32,1.09,1.66,0.3,0,0.16,0.98,0.14,0.94,0.34,0,0,0.79,0,0,0,0,8.26,0,0,0.09,2.4,0,0.21,0.31,0.82,0,0,0.57,0,0.67,4.19,0.87,0.94,0.27,0.9,0,0,0.5,0.36,0,0,0.78,0,0.66,0.42,0,0.34,0.25,0.5,0.48,0.62,0.21,0.53,0.35,0,0.71,0.15,1.49,0,0.12,0,0,0.11,0.1,0.19,0.36,0.48,0.08,0,0.29,0.42,0.34,0.21,0,0.25,0,0.1,0.15,0.2,0.13,0.21,0.39,0.34,0.07,0.12,0.21,0,0,0,0,0,0,0,0,0,0,0,0,0,0
28-06-2019,0,0.24,0,0.59,0.28,0,0.23,1.11,3,0.67,0.94,0.33,0.26,0,0,1.19,0.17,0.25,0.57,0,0,0.51,0.82,0.27,0.28,0,0,0.41,0.37,0.22,0.56,0,0,0.52,0,0,0.46,0.65,0,1.05,6.84,9.58,0.61,0.55,0.39,2.32,5.12,0,0.16,0,0,1.31,5.05,4.27,0,0,0.51,3.58,0,3.48,0.33,1.11,1.58,0.32,0,0.18,1.12,0.13,0.96,0.33,0,0,0.88,0,0,0,0,7.79,0,0,0.1,2.52,0,0.21,0.28,0.8,0,0,0.53,0,0.69,4.25,0.81,1.01,0.27,0.86,0,0,0.37,0.37,0,0,0.8,0,0.62,0.41,0,0.31,0.27,0.48,0.37,0.59,0.21,0.58,0.35,0,0.69,0.15,1.59,0,0.11,0,0,0.11,0.1,0.18,0.34,0.48,0.07,0,0.27,0.37,0.36,0.25,0,0.27,0,0.1,0.13,0.39,0.15,0.2,0.41,0.32,0.07,0.14,0.22,0,0,0,0,0,0,0,0,0,0,0,0,0,0
31-07-2019,0,0.25,0,0.57,0.28,0,0.19,1.32,2.65,0.63,0.82,0.33,0.24,0,0,1.23,0.15,0.24,0.53,0,0,0.51,0.7,0.3,0.27,0,0,0.46,0.4,0.21,0.6,0,0,0.46,0,0,0.44,0.6,0,1.08,7.01,9.34,0.59,0.53,0.38,2.37,5.26,0,0.1,0,0,1.47,5.79,4.45,0,0,0.46,3.9,0,3.29,0.35,0.99,1.4,0.34,0,0.18,1.06,0.15,0.84,0.34,0,0,0.95,0,0,0,0,7.67,0,0,0.08,2.45,0,0.2,0.27,0.9,0,0,0.47,0,0.63,4.45,0.77,0.85,0.3,0.87,0,0,0.32,0.41,0,0,0.8,0,0.63,0.4,0,0.31,0.25,0.44,0.34,0.59,0.21,0.54,0.36,0,0.66,0.14,1.49,0,0.11,0,0,0.11,0.09,0.2,0.36,0.47,0.06,0,0.29,0.37,0.31,0.28,0,0.3,0,0.09,0.12,0.46,0.14,0.19,0.46,0.37,0.05,0.15,0.2,0,0,0,0,0,0,0,0,0,0,0,0,0,0
30-08-2019,0,0.25,0,0.56,0.29,0,0.18,1.41,2.62,0.7,0.83,0.32,0.21,0,0,1.27,0.13,0.24,0.55,0,0,0.46,0.64,0.33,0.27,0,0,0.49,0.4,0.2,0.6,0,0,0.46,0,0,0.45,0.54,0,1.15,7.2,9.3,0.65,0.52,0.38,2.6,5.11,0,0.08,0,0,1.46,5.98,4.07,0,0,0.43,3.7,0,3.17,0.34,0.95,1.57,0.36,0,0.14,1.02,0.13,0.74,0.39,0,0,0.91,0,0,0,0,8.26,0,0,0.06,2.03,0,0.21,0.27,0.96,0,0,0.4,0,0.5,4.59,0.84,0.89,0.29,0.82,0,0,0.21,0.43,0,0,0.77,0,0.6,0.41,0,0.33,0.23,0.44,0.29,0.61,0.24,0.49,0.39,0,0.58,0.14,1.53,0,0.11,0,0,0.11,0.1,0.19,0.41,0.44,0.05,0,0.31,0.41,0.33,0.29,0,0.32,0,0.08,0.11,0.49,0.14,0.2,0.52,0.39,0.05,0.18,0.21,0,0,0,0,0,0,0,0,0,0,0,0,0,0
30-09-2019,0,0.25,0,0.6,0.28,0,0.18,1.46,2.54,0.7,0.95,0.34,0.2,0,0,1.28,0,0.22,0.69,0,0,0.4,0.66,0.37,0.3,0,0,0.46,0.39,0.18,0.6,0,0,0.46,0,0,0.48,0.53,0,1.08,6.26,9.75,0.65,0.51,0.41,2.6,5.15,0,0.08,0,0,1.53,5.42,4.11,0,0,0.43,4.04,0,3.34,0.32,0.96,1.64,0.37,0,0.14,0.94,0.14,0.76,0.36,0.2,0.12,0.86,0,0,0,0,8.38,0,0,0,1.91,0,0.25,0.33,0.79,0,0,0.39,0,0.5,4.05,0.81,0.98,0.27,0.83,0,0,0.16,0.3,0,0,0.65,0,0.61,0.4,0,0.3,0.23,0.45,0.16,0.64,0,0.52,0.37,0,0.66,0,1.77,0,0.11,0,0,0.1,0.09,0.21,0.4,0.42,0.05,0,0.33,0.32,0.33,0.31,0,0.36,0,0.1,0.1,0.58,0.14,0.18,0.56,0.35,0.05,0.19,0.24,0.19,0.91,0,0,0,0,0,0,0,0,0,0,0,0
31-10-2019,0,0.23,0,0.55,0.26,0,0.2,1.44,2.9,0.75,0.87,0.33,0.2,0,0,1.26,0,0.23,0.75,0,0,0.42,0.66,0.36,0.29,0,0,0.46,0.4,0.2,0.6,0,0,0.45,0,0,0.5,0.54,0,1.12,6.5,9.4,0.62,0.48,0.43,2.75,5.29,0,0.05,0,0,1.4,4.44,3.92,0,0,0.41,3.72,0,3.22,0.32,1.03,1.78,0.33,0,0.17,0.94,0.13,0.79,0.38,0.21,0.12,0.83,0,0,0,0,8.86,0,0,0,2.12,0,0.26,0.34,0.85,0,0,0.56,0,0.51,4.22,0.81,0.98,0.25,0.76,0,0,0.26,0.28,0,0,0.68,0,0.58,0.29,0,0.23,0.26,0.55,0.12,0.68,0,0.48,0.33,0,0.64,0,1.69,0,0.11,0,0,0.1,0.1,0.2,0.38,0.43,0.07,0,0.25,0.31,0.31,0.32,0,0.37,0,0.14,0.1,0.65,0.17,0.19,0.56,0.38,0.07,0.19,0.26,0.23,0.94,0,0,0,0,0,0,0,0,0,0,0,0
29-11-2019,0,0.22,0,0.52,0.26,0,0.2,1.34,2.87,0.72,0.96,0.32,0.22,0,0,1.46,0,0.24,0.71,0,0,0.41,0.64,0.34,0.28,0,0,0.45,0.4,0.24,0.62,0,0,0.41,0,0,0.48,0.54,0,1.07,6.89,9.59,0.55,0.51,0.37,2.53,5.76,0,0.09,0,0,1.65,4.44,3.69,0,0,0.46,3.76,0,2.86,0.33,0.88,1.68,0.31,0,0.15,0.88,0.12,0.72,0.35,0.22,0.12,0.79,0,0,0,0,9.24,0,0,0,2.28,0,0.23,0.33,0.86,0,0,0.5,0,0.56,3.76,0.82,0.84,0.24,0.83,0,0,0.25,0.31,0,0,0.61,0,0.55,0.41,0,0.22,0.27,0.55,0.17,0.63,0,0.46,0.32,0,0.56,0,1.69,0,0.11,0,0,0.1,0.1,0.19,0.35,0.45,0.06,0,0.24,0.33,0.29,0.31,0,0.34,0,0.11,0.13,0.62,0.42,0.22,0.5,0.38,0.06,0.22,0.22,0.21,0.9,0,0,0,0,0,0,0,0,0,0,0,0
31-12-2019,0,0.21,0,0.49,0.25,0,0.2,1.39,2.9,0.72,0.98,0.3,0.22,0,0,1.49,0,0.23,0.68,0,0,0.42,0.7,0.34,0.27,0,0,0.45,0.41,0.25,0.6,0,0,0.39,0,0,0.45,0.51,0,1.06,7.18,9.49,0.55,0.54,0.34,2.37,6.01,0,0.08,0,0,1.57,4.62,3.58,0,0,0.47,3.88,0,2.77,0.32,0.88,1.69,0.31,0,0.19,0.91,0.11,0.75,0.35,0.24,0.11,0.77,0,0,0,0,8.44,0,0,0,2.21,0,0.23,0.34,0.81,0,0,0.57,0,0.61,3.92,0.81,0.85,0.24,0.79,0,0,0.18,0.38,0,0,0.63,0,0.55,0.37,0,0.22,0.3,0.54,0.18,0.62,0,0.48,0.3,0,0.55,0,1.89,0,0.11,0,0,0.09,0.1,0.19,0.36,0.47,0.07,0,0.22,0.31,0.28,0.3,0,0.36,0,0.1,0.13,0.61,0.37,0.22,0.63,0.48,0.06,0.23,0.23,0.22,0.91,0,0,0,0,0,0,0,0,0,0,0,0
31-01-2020,0,0.22,0,0.5,0.26,0,0.21,1.41,2.83,0.72,1,0.31,0.19,0,0,1.94,0,0.21,0.64,0,0,0.4,0.61,0.31,0.27,0,0,0.49,0.43,0.28,0.66,0,0,0.39,0,0,0.44,0.54,0,1.12,7.27,9.26,0.57,0.48,0.3,2.54,5.93,0,0.07,0,0,1.32,4.96,3.58,0,0,0.44,3.95,0,2.95,0.3,0.95,1.6,0.32,0,0.17,0.88,0.12,0.65,0.35,0.24,0.11,0.77,0,0,0,0,7.96,0,0,0,2.13,0,0.23,0.3,0.82,0,0,0.55,0,0.58,3.81,0.86,0.86,0.24,0.87,0,0,0.15,0.35,0,0,0.61,0,0.51,0.37,0,0.24,0.28,0.49,0.18,0.66,0,0.44,0.28,0,0.5,0,1.97,0,0.12,0,0,0.09,0.1,0.18,0.4,0.54,0.07,0,0.23,0.32,0.26,0.32,0,0.42,0,0.11,0.13,0.64,0.33,0.23,0.61,0.46,0.07,0.24,0.25,0.24,0.96,0,0,0,0,0,0,0,0,0,0,0,0
28-02-2020,0,0.21,0,0.49,0.28,0,0.19,1.51,2.9,0.7,1.02,0.32,0.17,0,0,2.18,0,0.19,0.64,0,0,0.38,0.6,0.32,0.26,0,0,0.52,0.5,0.23,0.66,0,0,0.36,0,0,0.4,0.51,0,1.08,7,9.5,0.5,0.42,0.28,2.9,6,0,0.05,0,0,1.24,5,3.21,0,0,0.45,4.04,0,2.74,0.29,0.82,1.56,0.38,0,0.15,0.88,0.11,0.58,0.34,0.24,0.08,0.8,0,0,0,0,8.01,0,0,0,2.17,0,0.22,0.37,0.75,0,0,0.43,0,0.54,3.92,0.86,0.98,0.26,0.89,0,0,0.14,0.33,0,0,0.61,0,0.53,0.34,0,0.27,0.23,0.43,0.17,0.65,0,0.39,0.29,0,0.5,0,2.15,0,0.12,0,0,0.08,0.09,0.2,0.43,0.56,0.05,0,0.23,0.29,0.29,0.32,0,0.49,0,0.07,0.12,0.61,0.3,0.24,0.59,0.46,0.05,0.25,0.24,0.26,1.05,0,0,0,0,0,0,0,0,0,0,0,0
31-03-2020,0,0.2,0,0.47,0.28,0,0.15,1.81,2.06,0.63,0.67,0.22,0.15,0,0,2.38,0,0.19,0.61,0,0,0.52,0.71,0.4,0.22,0,0,0.61,0.61,0.2,0.91,0,0,0.34,0,0,0.47,0.45,0,1.14,6.8,8.99,0.5,0.34,0.34,3.96,5.05,0,0.05,0,0,0.51,5.66,3.61,0,0,0.36,4.18,0,2.41,0.34,0.66,1.37,0.35,0,0.17,0.98,0.11,0.6,0.36,0.26,0.09,0.98,0,0,0,0,8.67,0,0,0,1.82,0,0.24,0.27,0.92,0,0,0.31,0,0.49,4.62,0.84,0.94,0.25,0.9,0,0,0,0.27,0,0,0.7,0,0.43,0.33,0,0.28,0.18,0.44,0.08,0.76,0,0.28,0.34,0,0.5,0,1.41,0,0.16,0,0,0.09,0.11,0.23,0.5,0.56,0.04,0,0.25,0.27,0.29,0.31,0,0.79,0,0.06,0.08,0.57,0.21,0.29,0.62,0.52,0.07,0.22,0.24,0.29,1.4,0.13,0,0,0,0,0,0,0,0,0,0,0
30-04-2020,0,0.21,0,0.47,0.27,0,0.16,1.67,2.11,0.72,0.65,0.22,0.12,0,0,2.42,0,0.19,0.62,0,0,0.63,0.65,0.41,0.21,0,0,0.58,0.62,0.19,1,0,0,0.37,0,0,0.43,0.42,0,1.24,6.96,9.12,0.59,0.4,0.35,3.3,5.17,0,0.06,0,0,0.59,5.51,3.34,0,0,0.39,3.82,0,2.33,0.42,0.74,1.5,0.34,0,0.15,0.97,0.11,0.61,0.38,0.23,0.08,0.87,0,0,0,0,9.96,0,0,0,1.54,0,0.21,0.28,1.05,0,0,0.35,0,0.47,4.45,0.71,0.85,0.22,0.86,0,0,0,0.31,0,0,0.6,0,0.49,0.31,0,0.37,0.22,0.43,0.09,0.78,0,0.34,0.31,0,0.45,0,1.29,0,0.17,0,0,0.09,0.1,0.21,0.49,0.55,0.04,0,0.2,0.25,0.3,0.31,0,0.75,0,0.07,0.09,0.57,0.23,0.33,0.62,0.54,0.06,0.23,0.22,0.26,1.34,0.12,0,0,0,0,0,0,0,0,0,0,0
29-05-2020,0,0.23,0,0.54,0.3,0,0.13,1.64,1.87,0.76,0.57,0.22,0.1,0,0,2.67,0,0.18,0.59,0,0,0.71,0.64,0.4,0.22,0,0,0.57,0.66,0.2,1.07,0,0,0.37,0,0,0.52,0.5,0,1.29,6.19,8.89,0.66,0.44,0.31,3.17,4.64,0,0.1,0,0,0.51,5.46,3.72,0,0,0.4,3.54,0,2.48,0.45,0.9,1.61,0.38,0,0.15,1.02,0.12,0.65,0.41,0.19,0.07,0.87,0,0,0,0,10.22,0,0,0,1.34,0,0.21,0.21,1.1,0,0,0.34,0,0.48,4.47,0.71,0.8,0.23,0.97,0,0,0,0.36,0,0,0.68,0,0.48,0.42,0,0.45,0.25,0.5,0.09,0.86,0,0.36,0.38,0,0.46,0,1.12,0,0.19,0,0,0.09,0.1,0.2,0.48,0.6,0.04,0,0.2,0.25,0.27,0.3,0,0.73,0,0.07,0.07,0.61,0.2,0.34,0.66,0.56,0.06,0.23,0.24,0.26,1.35,0.1,0,0,0,0,0,0,0,0,0,0,0
30-06-2020,0,0.22,0,0.51,0.28,0,0,1.5,1.81,0.72,0.7,0.25,0.11,0,0,2.65,0,0.19,0.59,0,0,0.64,0.55,0.37,0.23,0,0,0.52,0.57,0.18,0.94,0,0,0.37,0,0,0.51,0.48,0,1.19,5.98,9.1,0.65,0.42,0.32,3.83,4.48,0,0,0,0,0.56,5.31,3.35,0,0,0.38,3.92,0,2.27,0.43,0.96,1.53,0.35,0,0.15,0.91,0.13,0.58,0.38,0.19,0.09,0.88,0,0,0,0,10.64,0,0,0,1.35,0,0.19,0.23,1.01,0,0,0.35,0,0.48,4.31,0.66,0.78,0.23,0.89,0,0,0,0.31,0,0,0.64,0,0.46,0.37,0,0.43,0.22,0.5,0,0.84,0,0.38,0.36,0,0.43,0,1.48,0,0.18,0,0,0.1,0.1,0.19,0.41,0.61,0,0.23,0.19,0.3,0.29,0.3,0,0.68,0,0.07,0,0.62,0.25,0.34,0.79,0.5,0,0.21,0.23,0.24,1.21,0.14,0.16,0.3,0.38,0.23,0,0,0,0,0,0,0
31-07-2020,0,0.22,0,0.44,0.3,0,0,1.43,1.8,0.72,0.69,0.25,0.1,0,0,2.46,0,0.21,0.61,0,0,0.68,0.5,0.35,0.23,0,0,0.54,0.62,0.16,1.01,0,0,0.33,0,0,0.48,0.46,0,1.41,5.69,8.26,0.64,0.44,0.3,3.64,4.15,0,0,0,0,0.58,6.53,3.13,0,0,0.41,3.69,0,2.06,0.41,1.07,1.54,0.32,0,0.14,0.78,0.13,0.53,0.34,0.17,0.08,0.84,0,0,0,0,12.1,0,0,0,1.36,0,0.19,0.24,1.06,0,0,0.35,0,0.5,4.42,0.78,0.8,0.2,0.88,0,0,0,0.23,0,0,0.77,0,0.49,0.3,0,0.45,0.21,0.53,0,0.83,0,0,0.35,0,0.42,0,1.59,0,0.18,0,0,0.1,0.09,0.18,0.38,0.54,0,0.24,0.17,0.31,0.27,0.3,0,0.57,0,0.07,0,0.66,0.26,0.34,0.84,0.48,0,0.25,0.21,0.24,1.09,0.12,0.15,0.26,0.41,0.25,0.14,0,0,0,0,0,0
31-08-2020,0,0.2,0,0.48,0.28,0,0,1.54,2.21,0.69,0.67,0.24,0.11,0,0,2.21,0,0.2,0.59,0,0,0.65,0.5,0.33,0.19,0,0,0.48,0.71,0.18,0.93,0,0,0.32,0,0,0.44,0.48,0,1.35,5.69,8.67,0.7,0.49,0.27,3.39,4.88,0,0,0,0,0.68,6.1,2.99,0,0,0.49,3.68,0,2.07,0.4,1.04,1.63,0.29,0,0.16,0.84,0.13,0.54,0.32,0.2,0.08,0.82,0,0,0,0,11.83,0,0,0,1.46,0,0.19,0.24,1.01,0,0,0.46,0,0.55,4.25,0.82,0.82,0.2,0.81,0,0,0,0.33,0,0,0.72,0,0.5,0.3,0,0.41,0.24,0.52,0,0.79,0,0,0.34,0,0.39,0,1.66,0,0.17,0,0,0.1,0.1,0.17,0.38,0.49,0,0.23,0.21,0.28,0.28,0.27,0,0.6,0,0.06,0,0.58,0.22,0.3,0.75,0.45,0,0.24,0.2,0.23,1.02,0.12,0.16,0.25,0.41,0.22,0.15,0,0,0,0,0,0
30-09-2020,0,0.21,0,0.45,0.28,0,0,1.6,1.88,0.67,0.63,0.22,0.09,0,0,1.8,0,0.21,0.51,0,0,0.7,0.43,0.34,0.18,0,0,0.52,0.69,0.17,1.12,0,0,0.29,0,0,0.49,0.52,0,1.57,5.57,8.38,0.73,0.46,0.24,3.3,4.37,0,0,0,0,0.53,6.6,2.68,0,0,0.49,3.32,0,1.97,0.43,1.04,1.6,0.27,0,0.13,0.74,0.13,0.45,0.3,0.18,0.07,0.74,0,0,0,0,12.9,0,0,0,1.27,0,0.2,0,0.97,0,0,0.43,0,0.48,4.68,0.87,0.9,0.19,0.84,0,0,0,0,0,0,0.83,0,0.49,0.27,0,0.4,0.25,0.55,0,0.8,0,0,0.33,0,0.34,0,1.55,0,0.18,0,0,0.1,0,0.17,0.39,0.48,0,0.25,0.21,0.25,0.3,0.29,0,0.59,0,0.05,0,0.57,0.33,0.36,0.79,0.51,0,0.22,0,0.25,1.01,0.12,0.16,0.24,0.49,0.22,0.21,0.52,0.2,0.19,0.53,0,0
30-10-2020,0,0.24,0,0.46,0.33,0,0,1.73,2.11,0.65,0.58,0.2,0.09,0,0,1.8,0,0.17,0.49,0,0,0.66,0.41,0.35,0.19,0,0,0.5,0.69,0.17,1.03,0,0,0.27,0,0,0.44,0.53,0,1.58,5.96,8.91,0.63,0.43,0.24,3.2,4.69,0,0,0,0,0.58,6.73,2.5,0,0,0.53,3.92,0,1.97,0.38,0.98,1.6,0.26,0,0.13,0.74,0.13,0.41,0.3,0.18,0.06,0.76,0,0,0,0,11.5,0,0,0,1.26,0,0.2,0,0.87,0,0,0.41,0,0.54,4.85,0.87,0.84,0.18,0.91,0,0,0,0,0,0,0.88,0,0.43,0.27,0,0.38,0.22,0.5,0,0.71,0,0,0.32,0,0.35,0,1.52,0,0.19,0,0,0.09,0,0.17,0.41,0.5,0,0.22,0.22,0.25,0.32,0.27,0,0.58,0,0.05,0,0.52,0.34,0.31,0.8,0.47,0,0.21,0,0.26,1.06,0.14,0.14,0.24,0.47,0.23,0.19,0.58,0.19,0.21,0.51,0,0
27-11-2020,0,0.22,0,0.47,0.3,0,0,1.55,2.32,0.64,0.82,0.24,0.1,0,0,1.73,0,0.17,0.47,0,0,0.59,0.41,0.31,0.17,0,0,0.44,0.71,0.18,0.91,0,0,0.3,0,0,0.41,0.54,0,1.39,6.29,9.74,0.63,0.51,0.24,2.97,5.08,0,0,0,0,0.76,6.27,2.63,0,0,0.54,4.34,0,2.13,0.33,1.08,1.45,0.25,0,0.14,0.71,0.11,0.45,0.29,0.2,0.07,0.77,0,0,0,0,9.71,0,0,0,1.46,0,0.21,0,0.86,0,0,0.5,0,0.68,4.38,0.84,0.88,0.18,0.86,0,0,0,0,0,0,0.81,0,0.36,0.29,0,0.38,0.28,0.55,0,0.67,0,0,0.3,0,0.33,0,2.02,0,0.18,0,0,0.09,0,0.15,0.37,0.5,0,0.2,0.23,0.24,0.31,0.27,0,0.53,0,0.05,0,0.51,0.39,0.3,0.79,0.49,0,0.21,0,0.24,0.99,0.16,0.13,0.27,0.51,0.19,0.18,0.69,0.18,0.21,0.5,0,0
31-12-2020,0,0.2,0,0.51,0.26,0,0,1.8,2.22,0.65,0.78,0.22,0.11,0,0,1.77,0,0.16,0.44,0,0,0.6,0.41,0.3,0.16,0,0,0.44,0.71,0.21,0.91,0,0,0.33,0,0,0.4,0.53,0,1.48,6.62,9.01,0.58,0.51,0.23,3.09,5.33,0,0,0,0,0.73,6.64,2.64,0,0,0.55,4.22,0,2.27,0.34,1,1.47,0.25,0,0.15,0.7,0.11,0.49,0.27,0.19,0.06,0.7,0,0,0,0,9.27,0,0,0,1.52,0,0.2,0,0.92,0,0,0.48,0,0.7,4.34,0.87,0.94,0.19,0.88,0,0,0,0,0,0,0.83,0,0.37,0,0,0.37,0.29,0.51,0,0.61,0,0,0.3,0,0.33,0,2.03,0,0.18,0,0,0.09,0,0.15,0.39,0.46,0,0.2,0.24,0.23,0.33,0.28,0,0.59,0,0.05,0,0.51,0.39,0.3,0.77,0.48,0,0.22,0,0.27,0.95,0.17,0.12,0.25,0.52,0.19,0.17,0.59,0.17,0.22,0.51,0.31,0
29-01-2021,0,0.2,0,0.55,0.26,0,0,1.6,2.43,0.77,0.78,0.24,0.12,0,0,1.96,0,0.19,0.45,0,0,0.62,0.39,0.32,0.18,0,0,0.43,0.63,0.23,0.83,0,0,0.34,0,0,0.42,0.61,0,1.47,6.31,8.94,0.62,0.49,0.24,2.99,5.48,0,0,0,0,0.71,6.79,2.62,0,0,0.52,3.71,0,2.38,0.36,1.06,1.42,0.25,0,0.14,0.64,0.11,0.48,0.26,0.19,0.12,0.7,0,0,0,0,8.8,0,0,0,1.6,0,0.21,0,0.94,0,0,0.7,0,0.67,4.83,0.88,0.88,0.21,0.91,0,0,0,0,0,0,0.92,0,0.46,0,0,0.38,0.26,0.57,0,0.61,0,0,0.32,0,0.35,0,1.85,0,0.17,0,0,0.1,0,0.16,0.38,0.45,0,0.19,0.22,0.23,0.39,0.28,0,0.58,0,0.05,0,0.5,0.31,0.24,0.79,0.42,0,0.23,0,0.25,0.9,0.19,0.11,0.27,0.49,0.18,0.21,0.58,0.19,0.27,0.5,0.32,0
26-02-2021,0,0.2,0,0.68,0.28,0,0,1.42,2.49,0.69,0.81,0.25,0.14,0,0,1.85,0,0.18,0.5,0,0,0.55,0.44,0.29,0.21,0,0,0.39,0.59,0.26,0.74,0,0,0.36,0,0,0.36,0.65,0,1.37,6.32,9.25,0.58,0.69,0.25,2.64,5.72,0,0,0,0,0.84,6.43,2.47,0,0,0.53,3.61,0,2.41,0.34,1.07,1.26,0.22,0,0.16,0.72,0.1,0.56,0.27,0.2,0.14,0.76,0,0,0,0,9.34,0,0,0,2.07,0,0.23,0,0.89,0,0,0.8,0,0.75,4.21,0.79,0.81,0.18,0.98,0,0,0,0,0,0,0.84,0,0.43,0,0,0.33,0.36,0.48,0,0.55,0,0,0.28,0,0.35,0,1.93,0,0.15,0,0,0.1,0,0.17,0.36,0.49,0,0.17,0.22,0.3,0.38,0.25,0,0.62,0,0.06,0,0.47,0.32,0.24,0.76,0.43,0,0.22,0,0.23,0.8,0.29,0.11,0.24,0.52,0.2,0.21,0.63,0.16,0.23,0.51,0.34,0
31-03-2021,0,0.22,0.38,0.7,0.31,0.4,0,1.55,2.37,0.65,0.79,0.22,0,0,0,1.69,0,0.16,0.54,0,0,0.56,0.37,0.28,0,0,0,0.41,0.62,0.24,0.74,0,0,0.33,0,0,0.37,0.75,0,1.44,6.09,8.8,0.51,0.65,0.22,2.94,5.45,0,0,0,0,0.73,6.86,2.58,0,0,0.61,3.48,0,2.32,0.33,1.03,1.23,0.22,0,0.17,0.69,0,0.5,0.23,0,0.12,0.75,0,0,0,0,8.77,0,0,0,1.89,0,0.22,0,0.87,0,0,0.73,0,0.83,4.45,0.83,0.88,0.19,1.05,0,0,0.27,0,0,0,0.83,0,0.48,0,0,0.34,0.33,0.49,0,0.58,0.23,0.52,0.29,0,0.32,0,1.85,0,0.15,0,0,0,0,0.16,0.37,0.53,0,0.17,0.21,0.28,0.36,0.23,0,0.58,0,0,0,0.46,0.31,0.25,0.78,0.42,0,0.21,0,0.25,0.83,0.34,0.11,0.24,0.45,0.18,0.18,0.58,0.16,0.25,0.52,0.27,0.3
