,2014-06-30,2014-07-31,2014-08-28,2014-09-30,2014-10-31,2014-11-28,2014-12-31,2015-01-30,2015-02-27,2015-03-31,2015-04-30,2015-05-29,2015-06-30,2015-07-31,2015-08-31,2015-09-30,2015-10-30,2015-11-30,2015-12-31,2016-01-29,2016-02-29,2016-03-31,2016-04-29,2016-05-31,2016-06-30,2016-07-29,2016-08-31,2016-09-30,2016-10-28,2016-11-30,2016-12-30,2017-01-31,2017-02-28,2017-03-31,2017-04-28,2017-05-31,2017-06-30,2017-07-31,2017-08-31,2017-09-29,2017-10-31,2017-11-30,2017-12-29,2018-01-31,2018-02-28,2018-03-28,2018-04-30,2018-05-31,2018-06-29,2018-07-31,2018-08-31,2018-09-28,2018-10-31,2018-11-30,2018-12-31,2019-01-31,2019-02-28,2019-03-28,2019-04-30,2019-05-31,2019-06-28,2019-07-31,2019-08-30,2019-09-30,2019-10-31,2019-11-29,2019-12-31,2020-01-31,2020-02-28,2020-03-31,2020-04-30,2020-05-29,2020-06-30,2020-07-31,2020-08-31,2020-09-30,2020-10-30,2020-11-27,2020-12-31,2021-01-29,2021-02-26
ABB,,,,,,,,,,,,,,,,,,,,,,,,,,,,,,,,,,,,,,,,,,,,,,,,,,,,,,,,,,,,,,,-0.038801310393337125,,,,,,,,,,,,,,,,,,
ADANIENT,-0.1443474294349112,-0.11303556858637927,0.0495956789646791,-0.08074992303034041,-0.02762510187279082,-0.11069901436356264,,,,-0.19136580366696312,0.04241328635403289,,,,,,,,,,,,,,,,,,,,,,,,,,,,,,,,,,,,,,,,,,,,,,,,,,,,,,,,,,,,,,,,,,,,,,
ADANIPORTS,,,,,-0.003931106489368267,-0.02463278707716903,,0.03233745921050315,-0.014813347023271091,,-0.005424941814927201,,,,,,,,,,,,,,,,,,,,,,,,,,0.045861722652240915,0.0580116981299396,-0.03491334889891405,-0.07070396575215923,0.10736934278115985,,,,,,,,,,,,,,,,,,,,,,,,,,,,,,,,,,,,,,,,
AMBUJACEM,,,,,,,,,,,,,,,,,,,,,,,,,,,,,,,,,,,,,,,,,,,,,,,,,,,,,,,,,,,,,,,,,,,,,,,,,,,,,,,,-0.02651656505664098,
ASHOKLEY,,,,,,,,,,,,,,,,,,,,,,,,,,,,,,,,,,,,,,,,,,,-0.1378333743777148,,,,-0.021754234017824736,-0.24387315003599414,-0.3049039486742276,-0.21671245801091657,,,,,,,,,,,,,,,,,,,,,,,,,,,,,,,
ASIANPAINT,,,,,,,,,,,,,,,,,,,,,,,,,,0.07313203435164296,,,,,,,,,,,,,,,,,,,,,,,,,,,,,,,-0.02369848969027899,,,,,,,,0.011361497004459672,,,,,,,-0.027872195444021402,-0.018574626767679486,0.003789857521749532,,,,,,,
AUROPHARMA,,,,,,,,,,,,,,,,,,-0.06255326587896064,0.048947220245594364,-0.07915195934275789,-0.24910742154910054,0.09755411041310123,0.012924825572445139,,,,,,,,,,,,,,,,,,,,,,,,,,,,,,,,,,,0.06011375438064449,,,-0.09348600432144076,,,,,,,,,,,,,0.11669028062653367,-0.08354417545632269,-0.02091020843453509,-0.04137320903745597,0.11141585280049371,0.04629679407699201,-0.024013690722246416,-0.06645250098020541
AXISBANK,,,,-0.08307089566443682,,,0.008150620767107052,,-0.061030943573840465,-0.14576097295030493,-0.010386942972087188,-0.004129080110827491,,,,,,,,,,,,,,,,,,,,,,,,,,,,,,,,,,,,,,,,,,,,,,0.08876735743160535,-0.01946109195938268,0.053293551015890464,-0.007406042890263406,-0.18458131354530596,-0.015024369798126831,,,,,,,,,,,,,,,,,,
BAJAJ-AUTO,,,,,,,,,,,,,,,,,,,,,,,-0.10890101811675032,-0.08966559659333385,,,,,,,,,,,,,,,,,,,,,,,,,,,,,,,,,,,,,,,,,,,,,,,,,,,,,,,,,
BAJAJFINSV,,,,,,0.0702769528871977,,,,,,,-0.009034096211871092,0.18623223203963646,-0.029718093374616943,-0.04285007779485051,0.11510642737083211,-0.027484912489021948,0.023585036579499473,-0.06956710856007758,-0.16417311027907658,0.054103616954453704,0.08929104102795037,,0.23285260891261136,,0.07792553636216887,0.0338243446489024,0.08267894701458141,-0.14204006078763834,-0.04051646311518898,0.1115145077540309,0.17796620868648375,0.030240532242065066,0.10831004631147428,-0.09052674506439733,-0.007241659819747324,0.1893204644284249,0.08942050919603217,-0.07174751700678388,-0.040494106347876355,0.030558145775488522,0.0017681890386479179,-0.08043044045476491,,,,,,0.1733823927380543,,,,,,,0.05267941675002383,,,0.08370153582133254,,-0.18670888149415057,,,,0.10837265364900904,,0.0014657387419967749,0.009832072400088427,-0.7061153343630948,0.11252808157772709,,,,,,,,,,
BAJAJHLDNG,,,,,,,,,,,,,,,,,,,,,-0.20385421881730514,,,,,,,,,,,,,,,,,,,,,,,,,,,,,,,,,,,,,,,,,,,,,,,,,,,,,,,,,,,,
BAJFINANCE,,,,,,,,,,,,,,,,,,,,,,,,,,,,,,,,,,,,,,0.2029877791289523,,0.019110763216236084,-0.03983539085620423,-0.05406990456622171,0.0038987104187237676,-0.054895210776079506,-0.032394845373906814,0.07057276806869743,,0.09268204607771276,0.07252600143414072,0.15390286913637113,0.04517851319661213,-0.2896468467711222,0.08870457857253979,,0.031757351711282154,-0.03254136253317254,0.022671030995621077,0.11200047372862693,0.01580449949857744,0.1078689310923774,0.05628140459801171,-0.12989886956463578,0.027020717195335883,0.1989995642902787,-0.01684910749084797,0.007245852220208,0.034543236887929256,0.025869714334512777,0.04558320207748729,-0.73205735260187,0.05980846653713988,,,,,,,,,,
BEL,,,,,,,,,,,,,,,,,,,,,,,,,,,,,,,,,,,,,,,,,0.011824413504133142,,,,,,,,,,,,,,,,,,,,,,,,,,,,,,,,,,,,,,,,
BHARATFORG,0.1651691221106181,0.08154800388624624,0.043433050016250745,-0.007088855501809073,-0.06077735189484893,0.12001177559658384,-0.07076930443247821,0.043595206179375505,0.13501186144560823,-0.038245370502221,-0.05970536186456681,-0.08006619659550446,-0.1918742456690767,0.03094507469671488,,,-0.11029312481354692,,,,,,,,,,,,,,,,,,,,,,,,,,,,,,,,,,,,,,,,,,,,,,,,,,,,,,,,,,,,,,,,
BHARTIARTL,,,,,,,,,,,,,,,,,,,,,,,,,,,,,,,,,,,,,,,,,,,,,,,,,,,,,,,,,,,,,,,,,,,,0.08136200998015795,0.050341970741333196,-0.19509612901605916,0.15251359835282172,0.09161980148108519,-0.0019990146020546964,-0.039190635480619046,-0.07759609642399372,-0.20649543435708395,0.018028984991698485,,,,
BIOCON,,,,,,,,,,,,,,,,,,,,,,,,,,,,,,,,,,,,,,,,,,,,,,,,,,,,,,,,,,,,,,,,,,,,,,,,,0.08029910070848321,0.04800924972152693,-0.0905497811706329,0.15752543482716172,-0.11004472798528572,0.0618481477320663,0.06307843774317333,-0.22582959167055447,0.04374145490017549
BOSCHLTD,,,,,,,,0.15137020225173045,0.0509372189451644,-0.07713303050540571,-0.18338908069691523,-0.02058876294559834,-0.14424490290535166,0.06022340314398257,-0.1164858291006377,-0.2268968037140519,-0.008858745351383163,,,,,,,,,,,,,,,,,,,,,,,,,,,,,,,,,,,,,,,,,,,,,,,,,,,,,,,,,,,,,,,,
BPCL,,,,-0.485199909379598,-0.3244266049474312,-0.3966063953497832,-0.5804565864561987,-0.2746777584093919,,,,-0.3253879699308997,,,-0.4479679011002919,,,,,-0.3918749180441217,-0.5246676112311399,-0.21153440154583633,,,-0.2836754378721433,,-0.34893356951250964,,,-0.39957643884464883,,-0.29530581193655936,,,-0.2091477145987578,,,,,,,,,,,,,,,,,,,,,,,,,,,,,,,-0.19463426560352964,-0.21117070996142645,-0.25205927603421974,-0.22377324937924203,,,,,,,,,,,,
BRITANNIA,,,,,,,,,,,,,,,,,,,,,,,,,,,,,,,,,,,,,,,,,,,,,,,0.02792053120582506,-0.004079846009132457,-0.03083891811536124,-0.009063132409869043,-0.034899108020776864,-0.2119914099938622,-0.09598083312962867,,-0.077392101056667,-0.03384318952247696,-0.10450397941929603,-0.05405653077134573,,,,,,,,,,,,,,,,0.01722214348165472,-0.0468517035680589,-0.003352923275046058,-0.11527884315548798,,,,
CADILAHC,,,,,,,,,,,,,,,,,,,,,,,,,,,,,,,,,,,,,,,-0.1556757723395972,,,,,,,,,,,,,,,,,,,,,,,,,,,,,,,,,,0.00865828635186947,0.08788273786870772,-0.07648178033409762,0.0452224652714925,0.034736373512348574,0.062045097717216675,0.025780891899215515,-0.06845556702142636,-0.054234775765018256
CANBK,,,,,,,,,,-0.16887868433042375,,,,,,,,,,,,,,,,,,,,,,,,,,,,,,,,,,,,,,,,,,,,,,,,,,,,,,,,,,,,,,,,,,,,,,,
CIPLA,,,,,,,,,,,,,-0.0762780021968378,,,,,,,,,,,,,,,,,,,,,,,,,,,,,,,,,,,,,,,,,,,,,,,,,,,,,,,,,,,,,,,0.07672156815145886,-0.03848398234336764,-0.021336111230334586,0.07967639224027552,-0.0017411801492868554,-0.040398145894192904
COLPAL,,,,,,,,,,,,,,,,,,,,,,,,,,,,,,,,,,,,,,,,,,,,,,,,,,,,,,,,,,,,,,,,,,,,,,,,,-0.008561800868874307,-0.006894929388110499,,,,,,,
CONCOR,,,,,,-0.10944972027601026,-0.11048725572679903,-0.06534329799337989,,,,,,-0.11993150693082118,,,,,,,,,,,,,,,,,,,,,,,,,,,,,,,,,,,,,,,,,,,,,,,,,,,,,,,,,,,,,,,,,,,
CUMMINSIND,,,,,,,,,,,,,,,,,-0.15532478595655086,-0.22860896065316447,-0.10762923798302244,,,,,,,,,,,,,,,,,,,,,,,,,,,,,,,,,,,,,,,,,,,,,,,,,,,,,,,,,,,,,,
DABUR,,,,,,,,,,,,,,,,,,,,,,,,,,,,,,,,,,,,,,,,,,,,,,,,,,,,,-0.12446075296886597,0.039790989898884487,,,-0.0484893264503762,-0.0891959319022413,-0.05115065325518298,,,,,,,,,,,,,-0.04031809137907335,-0.020337203074821068,,,,,,,,
DIVISLAB,0.059531764010538585,,,,,-0.14086260369709958,,,,,,,,,,,,,-0.04133907139131903,-0.06302613453617804,-0.24386725999247985,-0.008140945127010734,,,-0.02531911502145687,,,,,,,,,,,,,,,,,,,,,,,,,,,,,,,,,,,,,,,,,,,,,,,0.06703814434719553,-0.056741468998297157,0.1318375025553401,0.17085435578198713,-0.02552974625708442,0.022369705107366918,0.14005720146273068,0.014801149216244274,-0.13443448374409223,-0.020283281255437064
DLF,,,,,,,,,,,,,,,,,,,,,,,,,,,,,,,,,,,,,,,,,,,0.05238261942067495,-0.07443898500057297,-0.14433305455085935,-0.1459839039355173,0.05898190804261011,,,,,,,,,,,,,,,,,,,,,,,-0.41626087946363555,,,,,,,,,,,
DMART,,,,,,,,,,,,,,,,,,,,,,,,,,,,,,,,,,,,,,,,,,,,,,,,,,,,,,,0.0654248140586612,-0.15788956249539313,0.053689562400969865,,,,,,,,,,,,,-0.06525255187122822,0.0720269964472349,-0.01784058982704386,-0.0012723901926895067,-0.1193407234617669,0.084565250444452,-0.018371877514344673,,,,,
DRREDDY,,,,,,,,,,,,,,,,,,-0.3675065973055723,,,,,,,,,,,,,,,,,,,,,,,,,,,,,,,,,,,,,,,,,,-0.11132575127992624,-0.07270449052487996,,,,,,,,,,,0.04028244152017805,-0.048666877044766,0.12201531832375853,-0.06754492262747912,0.1852656245464151,-0.07571125053001038,-0.022962113546013303,0.05737232454336914,-0.13449995415426652,-0.038885726326122985
EICHERMOT,,,,,,,,,,,,,,,,,,,,,,,-0.05942419862983609,-0.1862066088524105,,,,,,,,,,,,,,,,,,,,,,,,,,,,,,,,,,,,,,,,,,,,,,,,,,,,,,,,,
FEDERALBNK,,,,-0.03173528087920628,0.05895560914826553,,,,,,,,,,,,,,,,,,,,,,,,,,,,,,,,,,,,,,,,,,,,,,,,,,,,,,,,,,,,,,,,,,,,,,,,,,,,
GLENMARK,,,,,,,,,,,,,0.12826250223890404,,,,-0.09769241417807226,-0.03900375655647337,,-0.20213117333161543,-0.08493685912217828,,,,,,,,,,,,,,,,,,,,,,,,,,,,,,,,,,,,,,,,,,,,,,,,,,,,,,,,,,,,
GODREJCP,,,,,,,,,,,,,,,,,,,0.018443798818761188,-0.12355213786027645,-0.08051244274825968,,-0.08875433758946047,0.07547567897273388,0.045900425031181975,,,,,,,,,,,,,,,,,,,,,,,,,,,-0.25826601923774395,-0.0863449008101435,,,,,,,,,,,,,,,,,,,,,,,,,,,,
GRASIM,,,,,,,,,,,,,,,,,,,,,,,,,,0.01526947863017327,-0.08526174691357709,0.01063058735638059,,,,,,,,,,,,,,,,,,,,,,,,,,,,,,,,,,,,,,,,,,,,,,,,,,,,,
HAVELLS,,,,,,,,,,,,,,,,,,,,,,,,,,,,,,,,,,,,,,,,,,,,,,,,,,,,,,,-0.013167609298510796,0.008022458060008661,-0.018552349000849944,0.03922719126734913,-0.01949335997807779,-0.05945978996856535,0.028299465638104856,-0.21631328642041855,,,,,,,,,,,,,,,,,,,
HCLTECH,-0.07639094909308114,-0.09185017584599565,,,,,,,,,,,,,,,,,,,,,,,,,,,,,,,,,,,,,,,,,,,,,,,,,,,,-0.08077052020531812,-0.09929989662423262,,,,,,-0.06994508895102239,,,,,,,,,,,,,,,,,-0.04476972287814648,0.11731946925645445,-0.04707486686024571,-0.02734626993745679
HDFCAMC,,,,,,,,,,,,,,,,,,,,,,,,,,,,,,,,,,,,,,,,,,,,,,,,,,,,,,,,,,,,,,,,,,,,,,,,0.021791712522185046,-0.05801530768232097,,,,,,,,
HDFCLIFE,,,,,,,,,,,,,,,,,,,,,,,,,,,,,,,,,,,,,,,,,,,,,,,,,,,,,,,,,,,,,,,,,,-0.0940326217066723,0.0908471022864816,-0.04189786457974838,-0.01917182873195684,-0.23207666391018508,0.13131189656537562,0.06465454673175865,,,,,,,,,
HEROMOTOCO,,,,,,,,,,,,,,,,,,,,,,,,-0.0887766263158464,,-0.15300841865556802,-0.0626206354895868,,-0.17348869461584374,,,,,,,,,,,,,,,,,,,,,,,,,,,,,,,,,,,,,,,,,,,,,,,,,,,,
HINDALCO,,,,,,,,,,,,,,,,,,,,,,,,,,,,-0.06900730780398733,-0.060473045383283984,0.12652137061394256,-0.1598496940294731,0.16928863055919466,-0.06349162416161762,0.023511618877271188,-0.007028197170288288,-0.029325283056839038,-0.07738080452351022,0.11013729991280936,,,0.07371312529339791,-0.1380869231482698,,,,,,,,,,,,,,,,,,,,,,,,,,,,,,,,,,,,,,,
HINDPETRO,,,-0.3034671058998856,-0.39179959081983357,-0.35764771099633025,-0.32610654502020164,-0.5533875144997762,-0.25766312744316106,-0.5010408907692467,-0.4059289193524466,-0.4790799637297636,-0.37600856410943,-0.35955890217747283,-0.21057866414179416,-0.5419971552013946,-0.4904401376238808,-0.42254527826651617,-0.3193449573011996,-0.41343583599726946,-0.43539431485041236,-0.5586766355769494,-0.2460622957541734,-0.3192032295055314,-0.30934429193669744,-0.3011031300770209,-0.12839868236501478,,-0.33753060726764206,-0.27670876154052854,-0.365232735032132,-0.4116725329196268,-0.20707279258802433,-0.3397790065160795,-0.3032371308488061,-0.2895855958965636,-0.2863715745834453,-0.39476650153772486,-0.19504825789675673,,-0.45149322664186337,-0.2838067403448728,,,,,,,,,,,,,,,,,,,,,,,,,,-0.27173745534524213,,,,,,,,,,,,,,
HINDUNILVR,,,,,,,,,,,,,,,,,,,,,,,,,,,,,,,,,,,,,,,,,,,,,-0.09139627145349737,-0.04026116012544826,0.08722031354370995,0.013377177250250545,-0.025505633865189736,0.011022806894648194,-0.015962584675454354,-0.15062043398572192,,0.03958284123735562,-0.009168860609059906,-0.07142770212724903,-0.05462259856000481,-0.06701088025561852,-0.0096033565790504,,,,,,,,,,,,-0.06849652035164838,-0.05943359129417709,,,-0.05639865265740067,,,,,,
HINDZINC,,,,,,,,,,,,,,,,,,,,,,,,,,,,,,,,,,,,,-0.26515711603611297,,,,,,,,,,,,,,,,,,,,,,,,,,,,,,,,,,,,,,,,,,,,
IBULHSGFIN,,,,,,,,,,,,,,,,,,,,,,,,,-0.30860130891914034,-0.11583526744790872,,,,,,,,,,,,-0.12186087777027431,-0.16480161520285092,,,,-0.20351786873968228,-0.03414012826834855,-0.27669266337361276,-0.18877136156542765,,,,,,,,,,,,,,,,,,,,,,,,,,,,,,,,,,,
ICICIBANK,,,,,,,,,,,,,,,,,,,,,,,,,,,,,,,,,,,,,,,,,,,,,,,,,,,,,,,,,,,,0.040556561450977295,0.01792555407554253,-0.03741393370453252,-0.035583695646516214,0.0654188525550798,0.055092457839846655,,,-0.02967206000968576,-0.016407120020084567,-0.45392561668737513,,,,,,,,,,,
ICICIGI,,,,,,,,,,,,,,,,,,,,,,,,,,,,,,,,,,,,,,,,,,,,,,,,,,,,,,,,,,,,,,,,,,0.009279421526816718,0.014084822107213606,-0.05781070601617257,-0.043782063957694184,,,,,,,,,,,,
ICICIPRULI,,,,,,,,,,,,,,,,,,,,,,,,,,,,,,,,,,,,,,,,,,,,,,,,,,,,,,,,,,,,,,,,,0.08641087925955432,,-0.037138235205205206,0.053881365514600994,0.040830157769918066,-0.2947396389031293,0.15670634193753794,,,,,,,,,,
INDIGO,,,,,,,,,,,,,,,,,,,,,,,,,,,,,,,,,,,,,,,,,,,,,,,,,,,,,,,,,,,,,,-0.005245115269766243,0.08609485260109077,0.1128472434835927,-0.2539308269006984,-0.019270335828611308,-0.08922103772123716,,,,,,,,,,,,,,
INDUSINDBK,,,,,,,,,-0.030821714869530333,-0.07320476546527115,,0.023882020335814054,,,-0.15676300907634605,0.07386631298863257,-0.06684731098760578,,,,,,,,-0.014015322419407377,0.022256127121170276,,,,,,,,,,,,,,,,,,,,,,,,,,,,,,,,,,,,,,,,,,,,,,,,,,,,,,,
INFY,,,,,,,,,,,,,,,,,,,,,,,,-0.11601544935592828,-0.19817314147394932,-0.2301459977972286,,,,,,,,,,,,,,,,,,,,,,,,,-0.03312986287774001,-0.08063035948179662,-0.1492361285755108,-0.11022278970283661,-0.09875123515538739,0.05384617736199898,,-0.06882634123567852,-0.05942628102569936,-0.08440872831929487,,,,-0.06945994496288356,,,,,,,,,,,,,,0.021602159515539923,0.11714907979181975,-0.02583182720864827,-0.008536596739201974
IOC,,,,,,,,,,,,,,,,,,,,,,,,,,,,,,,-0.2843264661527976,-0.2304614778654573,-0.26720532074458414,-0.29221494653190666,-0.16672666680938086,-0.32160059518519446,-0.401355684873342,-0.34169247614039727,-0.09196838527970191,,-0.2673638153314209,,,,,,,,,,,,,,,,,,,,,,,,,,,,,,,,,,,,,,,,
JSWSTEEL,-0.11889535782762932,-0.17092448647539946,-0.0644226737148878,-0.19647239760386023,,,,,,,,,,,,,,,,,,,-0.03165857289108159,-0.09484165541216465,-0.06092264161042614,0.023622357266324858,-0.06396453283410883,-0.11668247054083132,-0.15415718014420707,-0.06346135271280329,-0.16408251468035503,0.09291735226387977,-0.16855751486613219,,,,,,,,,-0.1314380557868351,,,,-0.1814747474694477,0.021560803998959946,-0.07995318227677402,-0.10847119053076362,-0.061253176949368736,0.10873335997066788,,-0.171343656144531,-0.15211694490467756,-0.11404106987582592,,,,,,,,,,,,,,,,,,,,,,,,,,0.056587192220192144
KOTAKBANK,,,,,,,,,,,,,,0.005268496159457791,,,,,,,,,,,,,,,,,,,,,,,,,,,,,,,,,,,,,-0.014615237056627916,,,,,,,,,,,,,0.139934616827737,,,,,,,,,,,,,,,,,
LICHSGFIN,,,,,,,,-0.026633693124108418,-0.07989782459800408,-0.22249117563765006,-0.13567948591389076,,,,-0.22947198212402328,-0.027101534874663727,,,,,,,,,,,,,,,,,,,,,,,-0.11523572898903449,,,,,,,,,,,,,,,,,,,,,,,,,,,,,,,,,,,,,,,,,,
LT,,,-0.0996827031867498,,,,,,,,,,,,,,,,,,,,,,,,,,,,,,,,,,,,,,,,,,,,,,,,,,,,,,,,,,,,,,,,,,,,,,,,,,,,,,
LUPIN,,,,,,,,,,,-0.1643644595983349,-0.010953730021863282,0.01935117837726486,-0.14514449432053608,0.09409650858907626,,-0.10139868801374886,-0.10761170909571377,-0.015183660288531665,-0.10637866684881532,,,,,,,,,,,,,,,,,,,,,,,,,,,,,,,,,,,,,,,,,,,,,,,,,,,,,,,,,,-0.027960855481281667,,,
M&M,,,,,,,,,,,,,,,,,,,,,,,,,,,,,,,,,,,,,,,,,,,,,,,,,,,,,-0.14572068997204907,-0.0031920670442440614,,,,,,,,,,,,,,,,,,,,,,,,,,,
MARICO,,,,,,,,,,,,,,,,,,,,,,,,,,,,,,-0.17076689249260307,,,,,,,,,,,,,,,,,,,,,,,,,,,,,,,,,,,,,,,,,,,,,,,,,,,
MARUTI,,,,,0.02099678453798615,-0.0648117222423835,-0.07302263499746554,0.024296142039791243,,-0.056254767742274246,,-0.07264502995748752,-0.008833353267614398,0.001256248336964144,-0.11349736391600151,0.0528848486388708,,-0.04485607403871847,-0.06088727036143371,-0.18432999514121884,-0.30040699653892994,0.08560361664361497,,,,,,,,,,,,-0.04746028582020073,0.011386662660441266,0.02032608799735844,,0.011467481740662464,-0.05451980416456964,-0.017467040863387753,,,,,-0.12230241667615131,-0.048264302390306976,-0.06647332640903228,-0.09011174136682072,,,,,,,,,,,,,,,,,,,,,,,,,,,,,,,,,
MCDOWELL-N,,,,,,,,,,,,,,,,-0.063056925068781,,,,,,,,,,,,,,,,,,,,,,,,,,,,-0.11661907347448362,-0.0011991440570361114,,0.14445240533347437,-0.08493565461616279,-0.00693880745717354,,,,,,,,,,,,,,,,,,,,,,0.09298366894611504,,,,,,,,,,
MOTHERSUMI,,,,,,,,,,,,,,,,,,,,,,,,,,,,,,,,,,,,,,,,0.02044570680834619,,-0.06908206030405689,-0.0326894345559121,-0.10412344394374463,-0.1724705134284616,-0.12393046274950505,,,,,,,,,,,,,,,,,,,,,,,,,,,,,,,,,,,
NMDC,,-0.5237651201790607,-0.4517781260946239,,,,,,,,,,,,,,,,,,,,,,,,,,,,-0.26448846102146045,-0.121288518524658,-0.2256640270158951,,,,,,,,,,,,,,,,,,,,,,,,,,,,,,,,,,,,,,,,,,,,,,,,
OFSS,,,,,,,,,,,,,,,,,,,,,,-0.16909142745214129,,,,,,,,,,,,,,,,,,,,,,,,,,,,,,,,,,,,,,,,,,,,,,,,,,,,,,,,,,,
PEL,,,,,,,,,,,,,,,,,,,,,,,,,,,,,,,,,,,,,,,,,,-0.041731102306141084,-0.026006882322030685,-0.09355457902703712,-0.11792227505659879,,,,,,,,,,,,,,,,,,,,,,,,,,,,,,,,,,,,
PETRONET,,,,,,,,,,,,,,,,,,,,,-0.22769201605811984,-0.12019597235326845,-0.12149219950343376,,,,,,,,,,,,,,,,,,,,,,,,,,,,,,,,,,,,,,,,,,,,,,,,,,,,,,,,,,
PFC,,-0.5118675043949392,-0.43671463240532377,-0.45505425490651796,-0.18856329540770414,-0.2862324423801033,-0.4079049753822813,-0.3862253364515467,-0.3912623991393075,,,,,,,,,,,,,,,,,,,,,,,,,,-0.1522426095873036,-0.4208018318701444,-0.31759074152550426,,,,,,,,,,,,,,,,,,,,,,,,,,,,,,,,,,,,,,,,,,,,
PIDILITIND,,,,,,,,,,,,,,,,,,,,,,,,,,,,,,,,,,,,,,,,,,,,,,,,,,,0.016872312222307003,,,0.1748183494511427,,-0.006997916090672218,0.014399753301660084,,,,,,,,-0.042196262728053054,-0.08628566108807618,,,,,,-0.011537196013396001,,,,,,,,,
PNB,,,,-0.09530224548986944,0.022941993136457506,,,,,,,,,,,,,,,,,,,,,,,,,,,,,0.054141306790041456,0.1057884135585535,-0.12183535286133139,-0.09511150181406704,,,,,,,,,,,,,,,,,,,,,,,,,,,,,,,,,,,,,,,,,,,,
RECLTD,,-0.6919315256443679,-0.647195449395578,,,,,,,,,,,,,,,,,,,,,,,,,,,,,,,,,,-0.4686276107324872,-0.3386731581989763,-0.3839515047023345,-0.4256802605688963,,,,,,,,,,,,,,,,,,,,,,,,,,,,,,,,,,,,,,,,,
RELIANCE,,,,,,,,,,,,,,,,,,,,,,0.054210363320807226,-0.0817423873679323,,,,,,,,,,,,,,,,,-0.042700726300747935,,-0.04666361557968167,-0.022314560238143637,0.022352404972009018,-0.027702920574638495,-0.09184332394498065,0.05714834799379047,,0.04296289917494289,,,-0.0021341595218185706,-0.18231926410242935,0.07673126871079711,,0.07420707482564923,,0.08231360842508015,0.004023231322545065,-0.05793192020711388,-0.07579296646815786,,,,,,,,,,,,,,0.01101888461544911,0.0588012474190142,-0.10022410748035215,-0.05235223074805801,0.019689939063082668,,
RELINFRA,,,,,,,,,,,,,,,,,,,,,,,,,,,,,,,,,,,,,,,,,,,,,,,,,,,,,,,,,,,,,,,,,,,,,,,,,,,,,,,,,
SAIL,,-0.15873031887453626,-0.13741849897856762,,,,,,,,,,,,,,,,,,,,,,,,,,,,,,,,,,,,,,,,,,,,,,,,,,,,,,,,,,,,,,,,,,,,,,,,,,,,,,
SBILIFE,,,,,,,,,,,,,,,,,,,,,,,,,,,,,,,,,,,,,,,,,,,,,,,,,,,,,,,,,,,,,,,,0.013364777259149082,0.15586579874944623,-0.036881164439120026,-0.00028276863327714353,0.026875861571101754,-0.007986701594635331,-0.33679568694629497,0.1214537400093143,,,,,,,,,,
SBIN,,,,,,,,,,,,,,,,,,,,,,,,,,,,,,,,,,,,-0.01593123466021964,,,,,,,,,,,,,,,,,,,,,,,,0.1255983659682717,,,,,,,,,,,,,,,,,,,,,
SHREECEM,,,,,,,,,,,,,,,,,,,,,,,,,,,,,,,,,,,,,,,,,,,,,,,,,,,,,,,,,,,,,,-0.08786040531943307,-0.08378108872865889,,,,,,,,0.11971975028314018,,,,,,,,,,
SIEMENS,,,,,,,,,,,,-0.06446605999482725,-0.07004920057222914,,,0.0032546285365837526,-0.06423766642380231,-0.12094814057104085,-0.09332652954187158,-0.2158079869990605,,,,,,,,,,,,,,,,,,,,,,,,,,,,,,,,,,,,,,,,,,,0.039410534240527796,0.2208644823238408,0.07272315296922423,-0.1390531500153638,0.004176333236521966,-0.011386775046219417,-0.08936242951815508,-0.1744101523319412,,,,,,,,,,,
SRTRANSFIN,,,,,,,,,,,,,,,,,,,,,,,,,,-0.004631028497089422,-0.09206181592722809,-0.11764073007447375,,,,,,,,,,,,,,,,,,,,-0.14944458836142993,-0.159516229657312,0.020230334797975497,,-0.19299878087026084,,,,,,,,,,,,,,,,,,,,,,,,,,,,,
SUNPHARMA,,,,,,,,,,,,,,,,,,,,,,,,,,,,,,,,,,,,,,,,,,,,,,,,,,,,,,,,,,,,,,,,,,,,,,,,,,,,,-0.09244252553453682,,,,
TATAMOTORS,,,,,,,,,,,,,,,,,,,,,,,,,,,0.05918438215744286,-0.010508348973683966,-0.004459361458281358,,,,,,,,,,,,,,,,,,,,,,,,,,,,,,,,,,,,,,,,,,,,,,,,,,,,
TATASTEEL,-0.07535122213698801,-0.11687764181421864,-0.2257886657929007,,,,,,,,,,,,,,,,,,,,,,,,-0.07043291918537162,-0.10094063091234824,-0.035836360208908236,-0.08397175242675785,-0.17343251863545436,0.05402701585896865,-0.06945111652254311,-0.11360771656538723,,,,,0.02211486467145782,-0.07169433033243361,-0.021620597680737794,-0.11875646223180045,-0.03863329103892623,-0.08096994449009193,,-0.2530058855440668,-0.05377485047238318,,,,,,,,,,,,,,,,,,,,,,,,,,,,,,,,,,
TCS,-0.026592626915047792,,,,,,,,,,,,,,,,,,,,,,,,,,,,,,,,,,,,,,,,,,,,,,,,,-0.01579261779970447,0.0014771240390445027,-0.015969749063089234,-0.1827916510885275,-0.047636160016444475,-0.1071389520450289,0.00235384127936014,-0.07112018353458391,-0.05544406817449458,0.059312876025771684,,,,,,,,,,,,,,,,,,,,,,
TECHM,-0.05900162618279018,-0.1577302947023889,,,,,,,,,,,,,,,,,,,,,,,,,,,,,,,,,,,,,,,,,,,,,,-0.05548207201551341,-0.19357727866909596,-0.05433088567811399,0.023981416923465133,-0.11813157494482444,-0.09522937871509914,-0.14491776590385605,-0.06552799075382015,-0.06503571275297125,,,-0.022589998532723483,,,,,,,,,,,,,,,,,,,,,,
TITAN,,,,,,,,,,,,,,,,,,,,,,,,,,,-0.0392293253359002,,,,,,,,,,,,,,0.053791869574281455,0.2229940803051079,0.02075606796657818,-0.009778337091624352,-0.09597847197205546,0.12286346966326175,0.016715533341571873,-0.11053444221527788,-0.05597743286751243,0.013453426634991694,-0.04470178327187243,-0.12643313007435095,,,,,,,,,,-0.24039196658907322,0.03919035420228279,0.13796795874497925,0.027702135301412717,-0.14832759232120885,0.013851731964739452,,,,,,,,,,,,,,
UBL,,,,,,,,,,,,,,,,0.015752366827922994,,,,,,,,,,,,,,,,,,,,,,,,,,,,,,,,,,,,,,,,,,,,,,,,,,,,,,,,,,,,,,,,,
ULTRACEMCO,,,,,,,,,,,,,,,,,,,,,,,,,,,,,0.011724523776738376,,,,,,,,,,,,,,,,,,,,,,,,,,,,,,,,,,,,,,,,,,,,,,,,,,,,
UNIONBANK,,,,,,,0.04691427648310091,,-0.2237699138022005,,,,,,,,,,,,,,,,,,,,,,,,,,,,,,,,,,,,,,,,,,,,,,,,,,,,,,,,,,,,,,,,,,,,,,,,
UPL,0.0410247251939424,,,,,,-0.07138522957433811,,,,0.030369156616559527,,-0.06954305429644568,-0.0668968285132552,-0.12733648800858166,-0.14420267823407798,-0.06914305516480691,-0.16357270571993998,-0.013921487983107972,,,,,,,,,,,-0.15007889749827816,-0.02750086786991356,,-0.0627218184018497,-0.03854926495540367,,,,,,,,,,,,,,,,,,,,,,,,,,0.008344482286357317,-0.09374101345862985,-0.08090004581441829,-0.04472297768759458,0.05148218086960673,-0.0465433503064645,,,,,,,,,,,,,,,,
VEDL,,,,,,,,,,,,,,,,,,,,,,,,,,,,-0.4126898274077386,-0.2754668054085635,-0.3055867466255669,-0.4955280669711752,-0.26382273399403355,-0.40390497864538444,-0.36817887278355593,-0.4784906676622267,-0.3858194633446387,-0.3154097679893892,-0.2442489480674913,-0.25803104431314605,-0.3395943868687509,-0.31073264494912906,-0.4779342097488914,,,,,,,,,,,,,,,,,,,,,,,,,,,,,,,,,,,,,,,
WIPRO,0.017665496579380414,,,,,,,,,,,,,,,,,,,,,,,,,,,,,,,,,,,,,,,,,,,,,,,,,,,,,,,,,,0.1474852882083044,,-0.03439607584190999,-0.06590108638307765,-0.07132900055829847,-0.06419738937150103,,,,,,,,,,,,,,,0.08862126630098736,0.08186899056586229,-0.01403706096061948
YESBANK,,,,-0.09065889446491458,0.13415075813878283,,0.020147979977679156,0.05147238557569559,-0.10864513606470771,-0.1333300217976723,-0.03021374401922504,-0.012041166894395522,,-0.07074676848514987,-0.24435036446192213,,,,,,,,,,,0.046529693249564366,0.06676230741569858,-0.13076864492872706,-0.04519330452190668,-0.12451424341220399,-0.05958215050551409,0.14160051131339682,-0.008262365824566803,0.014851602748032879,0.008566939789687441,-0.16619493147288333,,,,,,,,,,,,,,,,,,,,,,,,,,,,,,,,,,,,,,,,,,,,,
ZEEL,,,,,,,,,,,,,,,,,,,,,,-0.00981625130056635,0.03620909176195265,0.027307740039625834,-0.0172431329888718,,,,,,,,,,,,,,,,,,,,,,,,,,,,,,,,,,,,,,,,,,,,,,,,,,,,,,,,
